station_id,day,temp_outside,wind_speed,pressure,crew_count,dg_load,physics_pred,actual,residual
ST-BHARATI,0,-25.58,5.31,978.66,24,0.858,178.33,194.03,15.7
ST-BHARATI,1,-28.61,0,990.74,24,0.61,171.72,185.24,13.52
ST-BHARATI,2,-23.8,10.65,987.88,24,0.827,186.48,198.48,12.0
ST-BHARATI,3,-27.3,5.21,961.5,24,0.602,180.56,184.96,4.4
ST-BHARATI,4,-22.32,0.19,976.25,24,0.935,163.91,178.73,14.82
ST-BHARATI,5,-25.23,7.51,999.11,24,0.811,182.05,199.95,17.9
ST-BHARATI,6,-21.9,0,948.56,24,0.732,163.23,170.45,7.22
ST-BHARATI,7,-31.16,3.58,962.45,24,0.802,182.43,185.55,3.12
ST-BHARATI,8,-24.25,4.82,981.37,24,0.628,175.59,190.84,15.25
ST-BHARATI,9,-23.57,7.84,977.02,24,0.728,180.69,199.93,19.23
ST-BHARATI,10,-25.51,8.0,977.0,24,0.827,183.58,208.93,25.35
ST-BHARATI,11,-25.39,4.45,979.06,24,0.733,176.38,183.69,7.31
ST-BHARATI,12,-17.65,5.62,962.92,24,0.895,168.63,177.12,8.48
ST-BHARATI,13,-22.76,3.15,990.24,24,0.694,170.24,181.95,11.72
ST-BHARATI,14,-20.77,15.29,987.44,24,0.829,191.66,199.35,7.69
ST-BHARATI,15,-29.99,11.41,970.9,24,0.686,196.3,208.14,11.84
ST-BHARATI,16,-25.72,4.83,957.9,24,0.74,177.74,182.14,4.4
ST-BHARATI,17,-20.04,19.61,974.77,24,0.616,199.36,209.49,10.13
ST-BHARATI,18,-18.22,9.57,983.28,24,0.622,177.03,181.27,4.25
ST-BHARATI,19,-32.24,15.03,948.59,24,0.901,206.62,215.43,8.8
ST-BHARATI,20,-15.93,6.46,973.8,24,0.693,167.92,171.81,3.9
ST-BHARATI,21,-23.4,4.49,967.9,24,0.934,173.94,188.44,14.5
ST-BHARATI,22,-19.82,3.8,972.47,24,0.919,167.8,179.58,11.78
ST-BHARATI,23,-19.6,3.55,969.43,24,0.653,167.05,171.21,4.17
ST-BHARATI,24,-21.4,1.03,982.64,24,0.6,164.32,167.26,2.94
ST-BHARATI,25,-22.02,6.71,1002.24,24,0.891,176.2,182.55,6.34
ST-BHARATI,26,-22.03,7.29,1000.95,24,0.63,177.38,177.64,0.26
ST-BHARATI,27,-22.92,6.13,981.36,24,0.645,176.44,176.66,0.22
ST-BHARATI,28,-26.28,6.78,977.7,24,0.748,182.19,205.25,23.06
ST-BHARATI,29,-19.99,10.84,978.99,24,0.709,181.89,188.65,6.76
ST-BHARATI,30,-15.26,5.82,966.59,24,0.642,165.83,178.99,13.16
ST-BHARATI,31,-20.36,9.59,972.62,24,0.677,179.96,188.26,8.3
ST-BHARATI,32,-15.72,8.44,983.44,24,0.901,171.47,196.09,24.62
ST-BHARATI,33,-18.03,7.27,975.94,24,0.646,172.28,179.08,6.79
ST-BHARATI,34,-15.8,3.95,959.28,24,0.883,162.9,176.31,13.41
ST-BHARATI,35,-19.81,7.68,968.57,24,0.763,175.5,189.16,13.66
ST-BHARATI,36,-21.14,0.07,985.44,24,0.741,162.04,172.67,10.63
ST-BHARATI,37,-24.48,12.74,980.07,24,0.757,191.57,206.45,14.88
ST-BHARATI,38,-22.98,7.52,980.03,24,0.755,179.28,203.85,24.57
ST-BHARATI,39,-16.77,2.13,1023.37,24,0.893,160.02,178.82,18.8
ST-BHARATI,40,-10.95,4.23,984.21,24,0.77,156.85,164.95,8.1
ST-BHARATI,41,-18.9,9.95,990.93,24,0.945,178.59,192.62,14.03
ST-BHARATI,42,-20.37,12.97,967.91,24,0.935,186.73,200.36,13.63
ST-BHARATI,43,-14.51,5.85,978.63,24,0.704,164.8,172.11,7.31
ST-BHARATI,44,-14.34,4.97,960.77,24,0.62,162.99,170.68,7.69
ST-BHARATI,45,-23.49,3.61,984.23,24,0.936,172.17,181.24,9.08
ST-BHARATI,46,-17.06,7.24,965.12,24,0.682,171.02,176.58,5.55
ST-BHARATI,47,-13.08,11.75,980.38,24,0.817,174.57,193.92,19.34
ST-BHARATI,48,-23.74,8.57,952.25,24,0.671,182.61,191.16,8.56
ST-BHARATI,49,-19.65,3.11,965.79,24,0.705,166.27,182.45,16.18
ST-BHARATI,50,-21.63,12.11,991.93,24,0.949,186.47,201.34,14.87
ST-BHARATI,51,-17.28,5.96,982.16,24,0.927,168.65,185.07,16.42
ST-BHARATI,52,-12.73,0.4,975.2,24,0.892,151.69,165.92,14.23
ST-BHARATI,53,-20.26,0.73,997.43,24,0.603,162.08,171.59,9.51
ST-BHARATI,54,-17.21,2.92,965.31,24,0.647,162.67,160.97,-1.7
ST-BHARATI,55,-17.08,7.26,970.96,24,0.812,171.06,180.74,9.69
ST-BHARATI,56,-18.97,3.36,973.75,24,0.771,165.79,173.34,7.55
ST-BHARATI,57,-11.94,1.66,990.54,24,0.697,153.01,167.15,14.14
ST-BHARATI,58,-11.41,6.15,973.91,24,0.859,161.34,169.29,7.95
ST-BHARATI,59,-22.21,4.65,984.74,24,0.909,172.53,184.42,11.89
ST-BHARATI,60,-13.99,3.15,988.04,24,0.652,158.68,162.3,3.62
ST-BHARATI,61,-15.67,8.47,997.23,24,0.901,171.34,176.7,5.36
ST-BHARATI,62,-15.78,4.37,980.02,24,0.873,163.53,177.89,14.36
ST-BHARATI,63,-14.88,3.28,974.95,24,0.925,160.23,169.66,9.44
ST-BHARATI,64,-10.65,0,989.23,24,0.609,148.03,146.77,-1.25
ST-BHARATI,65,-18.11,2.42,999.6,24,0.902,162.56,169.73,7.16
ST-BHARATI,66,-16.57,3.08,981.34,24,0.905,162.0,170.93,8.94
ST-BHARATI,67,-15.9,3.8,985.41,24,0.707,162.5,167.15,4.65
ST-BHARATI,68,-16.82,3.24,987.77,24,0.715,162.6,173.96,11.36
ST-BHARATI,69,-10.71,0,976.87,24,0.74,148.21,167.56,19.35
ST-BHARATI,70,-12.61,5.41,985.51,24,0.94,161.36,172.15,10.79
ST-BHARATI,71,-13.03,15.24,979.44,24,0.752,181.42,195.24,13.82
ST-BHARATI,72,-17.9,2.56,968.72,24,0.735,162.85,169.28,6.43
ST-BHARATI,73,-20.11,4.58,979.82,24,0.924,169.66,181.15,11.48
ST-BHARATI,74,-23.54,4.47,979.1,24,0.727,173.99,175.9,1.91
ST-BHARATI,75,-11.96,8.52,974.97,24,0.897,166.74,182.99,16.24
ST-BHARATI,76,-17.91,2.68,975.53,24,0.741,163.04,179.67,16.63
ST-BHARATI,77,-17.83,8.0,954.99,24,0.837,173.64,191.86,18.21
ST-BHARATI,78,-12.68,2.83,975.24,24,0.6,156.42,173.8,17.38
ST-BHARATI,79,-18.15,10.13,964.66,24,0.763,178.19,184.99,6.8
ST-BHARATI,80,-19.74,6.99,954.55,24,0.879,174.16,187.92,13.76
ST-BHARATI,81,-16.31,7.47,963.09,24,0.717,170.52,180.48,9.96
ST-BHARATI,82,-14.32,0,976.01,24,0.67,152.98,159.75,6.76
ST-BHARATI,83,-14.12,6.46,956.92,24,0.625,165.67,177.82,12.15
ST-BHARATI,84,-21.91,8.89,986.34,24,0.773,180.5,200.27,19.77
ST-BHARATI,85,-16.83,11.84,1000.0,24,0.87,179.53,191.42,11.9
ST-BHARATI,86,-13.73,8.61,993.57,24,0.781,169.11,193.71,24.6
ST-BHARATI,87,-14.14,6.94,987.68,24,0.88,166.39,172.59,6.2
ST-BHARATI,88,-22.9,0,955.75,24,0.912,164.48,167.95,3.47
ST-BHARATI,89,-21.85,1.85,957.4,24,0.792,166.76,177.58,10.82
ST-BHARATI,90,-11.73,2.03,970.82,24,0.687,153.63,165.0,11.37
ST-BHARATI,91,-21.42,0.81,963.3,24,0.696,164.08,173.63,9.56
ST-BHARATI,92,-14.1,7.54,978.57,24,0.789,167.59,183.95,16.36
ST-BHARATI,93,-15.13,8.22,973.52,24,0.622,170.35,171.84,1.5
ST-BHARATI,94,-21.19,8.74,972.95,24,0.747,179.4,192.39,13.0
ST-BHARATI,95,-12.64,3.02,972.06,24,0.868,156.77,157.17,0.4
ST-BHARATI,96,-17.34,6.3,968.02,24,0.899,169.51,189.26,19.75
ST-BHARATI,97,-13.05,4.8,979.76,24,0.811,160.77,164.49,3.71
ST-BHARATI,98,-16.54,8.77,977.32,24,0.718,173.26,184.62,11.36
ST-BHARATI,99,-18.82,2.33,986.85,24,0.645,163.44,179.66,16.22
ST-BHARATI,100,-17.76,5.35,967.83,24,0.609,168.19,183.22,15.03
ST-BHARATI,101,-18.46,4.31,976.26,24,0.733,166.98,178.31,11.32
ST-BHARATI,102,-16.29,9.46,980.83,24,0.863,174.26,179.93,5.67
ST-BHARATI,103,-15.66,3.35,982.07,24,0.789,161.33,173.05,11.73
ST-BHARATI,104,-13.48,6.0,967.72,24,0.828,163.82,166.69,2.87
ST-BHARATI,105,-16.96,0,980.76,24,0.653,156.43,168.05,11.62
ST-BHARATI,106,-13.08,10.24,972.26,24,0.845,171.66,181.43,9.78
ST-BHARATI,107,-17.04,3.59,964.43,24,0.64,163.78,167.96,4.18
ST-BHARATI,108,-12.97,0,982.13,24,0.709,151.14,162.75,11.61
ST-BHARATI,109,-21.81,0,964.86,24,0.627,162.97,179.05,16.08
ST-BHARATI,110,-19.46,0.77,996.56,24,0.898,161.11,178.97,17.86
ST-BHARATI,111,-19.1,4.8,1000.86,24,0.722,168.58,178.33,9.75
ST-BHARATI,112,-20.97,7.67,969.04,24,0.897,177.02,188.5,11.48
ST-BHARATI,113,-16.72,4.3,996.54,24,0.89,164.5,174.07,9.57
ST-BHARATI,114,-18.74,1.88,976.84,24,0.695,162.52,157.71,-4.81
ST-BHARATI,115,-15.88,1.36,967.23,24,0.856,157.81,169.95,12.14
ST-BHARATI,116,-18.62,13.76,982.48,24,0.909,185.85,195.36,9.51
ST-BHARATI,117,-17.6,10.47,970.99,24,0.61,178.09,184.59,6.51
ST-BHARATI,118,-16.33,3.96,985.06,24,0.719,163.4,184.62,21.22
ST-BHARATI,119,-13.35,1.75,979.72,24,0.932,155.15,167.85,12.7
ST-BHARATI,120,-12.48,9.27,959.83,24,0.842,169.05,181.18,12.13
ST-BHARATI,121,-20.85,2.31,981.41,24,0.678,166.14,174.17,8.03
ST-BHARATI,122,-19.32,2.81,968.16,24,0.786,165.21,173.0,7.8
ST-BHARATI,123,-24.07,8.99,970.91,24,0.695,183.7,202.54,18.84
ST-BHARATI,124,-18.26,8.03,982.14,24,0.788,174.02,187.99,13.97
ST-BHARATI,125,-18.12,3.45,982.89,24,0.854,164.76,182.98,18.22
ST-BHARATI,126,-13.56,5.29,978.86,24,0.668,162.43,175.67,13.24
ST-BHARATI,127,-18.11,8.49,994.77,24,0.696,174.64,185.98,11.34
ST-BHARATI,128,-13.54,5.18,977.98,24,0.904,162.19,170.97,8.77
ST-BHARATI,129,-26.74,6.47,967.93,24,0.754,182.25,190.19,7.94
ST-BHARATI,130,-18.19,7.19,992.75,24,0.888,172.19,181.35,9.16
ST-BHARATI,131,-20.07,6.92,977.26,24,0.652,174.26,183.28,9.01
ST-BHARATI,132,-22.03,4.69,986.02,24,0.868,172.36,183.79,11.42
ST-BHARATI,133,-24.53,1.62,982.22,24,0.758,169.61,187.81,18.2
ST-BHARATI,134,-26.5,8.79,990.22,24,0.817,186.35,197.31,10.97
ST-BHARATI,135,-24.23,1.83,987.75,24,0.674,169.58,178.83,9.24
ST-BHARATI,136,-20.51,4.02,982.18,24,0.601,169.06,181.37,12.31
ST-BHARATI,137,-24.47,7.64,977.77,24,0.847,181.5,197.14,15.65
ST-BHARATI,138,-20.73,1.79,969.56,24,0.876,165.05,164.05,-1.0
ST-BHARATI,139,-23.71,1.84,991.55,24,0.791,168.89,177.48,8.6
ST-BHARATI,140,-24.9,0,982.14,24,0.658,166.9,175.34,8.44
ST-BHARATI,141,-22.11,12.22,971.02,24,0.644,187.51,195.84,8.33
ST-BHARATI,142,-22.2,0.25,993.23,24,0.773,163.73,172.3,8.57
ST-BHARATI,143,-18.97,6.55,970.37,24,0.688,172.15,184.98,12.83
ST-BHARATI,144,-11.49,11.55,988.07,24,0.933,172.01,177.14,5.13
ST-BHARATI,145,-14.21,5.98,979.58,24,0.865,164.66,177.89,13.23
ST-BHARATI,146,-26.01,7.07,986.56,24,0.805,182.32,191.63,9.31
ST-BHARATI,147,-23.49,2.51,989.32,24,0.717,169.95,183.74,13.79
ST-BHARATI,148,-24.32,0,971.13,24,0.701,166.23,185.03,18.8
ST-BHARATI,149,-13.74,3.52,967.43,24,0.71,159.27,167.97,8.7
ST-BHARATI,150,-25.46,15.5,968.11,24,0.946,198.45,214.46,16.01
ST-BHARATI,151,-23.61,9.82,973.39,24,0.727,184.71,197.55,12.84
ST-BHARATI,152,-20.76,8.4,980.51,24,0.792,178.08,185.2,7.12
ST-BHARATI,153,-17.25,12.11,978.05,24,0.941,180.82,189.83,9.01
ST-BHARATI,154,-23.52,12.13,988.27,24,0.793,189.04,206.58,17.53
ST-BHARATI,155,-10.96,20.89,991.4,24,0.641,189.78,196.72,6.93
ST-BHARATI,156,-19.16,9.91,977.02,24,0.696,178.99,182.67,3.68
ST-BHARATI,157,-15.91,4.34,980.6,24,0.734,163.65,182.11,18.46
ST-BHARATI,158,-17.52,11.75,997.41,24,0.697,180.3,182.74,2.44
ST-BHARATI,159,-20.82,9.99,993.09,24,0.887,181.19,189.96,8.77
ST-BHARATI,160,-22.67,17.3,942.15,24,0.771,198.55,198.1,-0.45
ST-BHARATI,161,-19.15,18.0,971.44,24,0.79,195.03,212.47,17.44
ST-BHARATI,162,-25.62,14.98,986.98,24,0.8,197.46,217.26,19.8
ST-BHARATI,163,-21.65,20.88,999.09,24,0.847,203.8,217.92,14.12
ST-BHARATI,164,-21.01,10.34,968.52,24,0.943,182.35,184.74,2.39
ST-BHARATI,165,-23.72,14.03,963.97,24,0.904,193.29,204.89,11.61
ST-BHARATI,166,-19.73,10.94,966.92,24,0.853,181.86,192.24,10.39
ST-BHARATI,167,-27.82,17.13,987.64,24,0.939,204.61,222.08,17.47
ST-BHARATI,168,-26.27,19.22,966.2,24,0.898,206.89,209.11,2.21
ST-BHARATI,169,-20.68,10.98,972.23,24,0.866,183.14,203.4,20.26
ST-BHARATI,170,-22.54,13.22,995.41,24,0.922,189.85,205.19,15.34
ST-BHARATI,171,-16.8,13.89,975.0,24,0.822,183.77,196.18,12.41
ST-BHARATI,172,-20.55,10.89,971.06,24,0.616,182.81,180.91,-1.9
ST-BHARATI,173,-22.74,10.81,975.25,24,0.786,185.51,199.02,13.51
ST-BHARATI,174,-30.33,11.14,982.35,24,0.905,196.13,209.98,13.86
ST-BHARATI,175,-26.14,11.97,985.69,24,0.761,192.2,201.47,9.27
ST-BHARATI,176,-24.18,17.07,1001.65,24,0.915,199.58,212.0,12.42
ST-BHARATI,177,-25.27,11.89,969.68,24,0.806,191.05,204.25,13.21
ST-BHARATI,178,-27.08,10.78,979.99,24,0.67,191.14,213.28,22.14
ST-BHARATI,179,-27.96,17.05,981.26,24,0.801,204.69,223.69,19.0
ST-BHARATI,180,-21.31,13.85,997.42,24,0.696,189.44,198.91,9.47
ST-BHARATI,181,-30.37,11.55,979.87,24,0.812,197.0,206.36,9.36
ST-BHARATI,182,-33.59,14.18,975.15,24,0.812,206.5,228.23,21.73
ST-BHARATI,183,-28.48,18.56,966.9,24,0.852,208.49,213.74,5.24
ST-BHARATI,184,-29.33,7.57,962.03,24,0.826,187.92,189.89,1.97
ST-BHARATI,185,-26.9,18.02,962.9,24,0.632,205.39,211.08,5.69
ST-BHARATI,186,-27.34,20.37,982.88,24,0.789,210.44,224.44,14.0
ST-BHARATI,187,-20.78,13.12,999.35,24,0.69,187.29,192.09,4.8
ST-BHARATI,188,-23.68,9.91,986.91,24,0.719,184.87,186.34,1.47
ST-BHARATI,189,-18.2,20.8,999.82,24,0.901,199.08,222.88,23.8
ST-BHARATI,190,-27.83,2.96,1001.23,24,0.728,176.47,185.09,8.63
ST-BHARATI,191,-26.0,13.35,967.13,24,0.835,194.91,204.78,9.87
ST-BHARATI,192,-28.79,9.32,992.52,24,0.638,190.39,187.98,-2.41
ST-BHARATI,193,-26.35,14.9,991.51,24,0.92,198.22,204.9,6.68
ST-BHARATI,194,-26.31,15.42,991.77,24,0.706,199.22,198.19,-1.03
ST-BHARATI,195,-28.55,15.2,989.65,24,0.772,201.74,211.1,9.37
ST-BHARATI,196,-20.0,18.79,988.68,24,0.835,197.57,213.91,16.34
ST-BHARATI,197,-27.39,4.35,962.74,24,0.654,178.96,194.24,15.28
ST-BHARATI,198,-28.68,14.93,967.74,24,0.933,201.58,213.85,12.28
ST-BHARATI,199,-23.47,14.79,952.41,24,0.899,194.55,211.37,16.82
ST-BHARATI,200,-22.44,17.56,948.16,24,0.726,198.7,204.96,6.26
ST-BHARATI,201,-29.59,15.55,996.76,24,0.759,203.74,222.83,19.08
ST-BHARATI,202,-30.62,9.11,977.96,24,0.875,192.52,203.38,10.86
ST-BHARATI,203,-27.68,16.07,975.84,24,0.868,202.45,213.09,10.65
ST-BHARATI,204,-27.15,16.69,987.32,24,0.652,202.87,209.42,6.55
ST-BHARATI,205,-27.78,13.82,984.22,24,0.645,198.05,205.87,7.82
ST-BHARATI,206,-28.16,16.48,978.55,24,0.605,203.85,212.92,9.06
ST-BHARATI,207,-27.54,11.14,976.68,24,0.618,192.5,206.11,13.61
ST-BHARATI,208,-28.65,9.12,979.63,24,0.872,189.93,194.67,4.74
ST-BHARATI,209,-30.44,13.84,951.07,24,0.615,201.88,211.81,9.93
ST-BHARATI,210,-26.98,6.14,966.84,24,0.937,181.93,192.93,10.99
ST-BHARATI,211,-24.53,15.7,965.11,24,0.772,197.65,214.0,16.35
ST-BHARATI,212,-27.57,13.16,994.36,24,0.623,196.37,210.68,14.31
ST-BHARATI,213,-29.9,19.59,969.84,24,0.948,212.4,222.74,10.35
ST-BHARATI,214,-33.45,13.16,975.68,24,0.846,204.29,214.03,9.74
ST-BHARATI,215,-25.75,9.37,982.28,24,0.675,186.56,187.62,1.06
ST-BHARATI,216,-32.11,14.86,973.01,24,0.746,205.92,222.44,16.52
ST-BHARATI,217,-25.99,16.37,974.09,24,0.653,200.82,206.29,5.46
ST-BHARATI,218,-28.27,13.31,982.61,24,0.634,197.69,205.74,8.06
ST-BHARATI,219,-30.22,6.71,965.04,24,0.797,187.34,195.76,8.42
ST-BHARATI,220,-30.79,15.79,969.24,24,0.863,206.06,224.63,18.58
ST-BHARATI,221,-25.6,9.29,995.93,24,0.723,186.1,195.31,9.21
ST-BHARATI,222,-32.47,12.7,975.27,24,0.638,202.09,208.92,6.83
ST-BHARATI,223,-27.98,10.84,981.24,24,0.883,192.42,196.22,3.8
ST-BHARATI,224,-24.14,5.04,986.9,24,0.825,175.83,179.64,3.8
ST-BHARATI,225,-21.27,15.51,984.53,24,0.663,192.79,199.15,6.36
ST-BHARATI,226,-31.45,10.71,979.29,24,0.904,196.78,209.06,12.28
ST-BHARATI,227,-34.25,12.36,990.68,24,0.611,203.64,220.5,16.86
ST-BHARATI,228,-30.71,11.22,970.4,24,0.73,196.88,210.37,13.49
ST-BHARATI,229,-31.97,7.18,975.39,24,0.618,190.51,199.76,9.25
ST-BHARATI,230,-27.79,18.64,975.6,24,0.832,207.66,214.77,7.11
ST-BHARATI,231,-35.23,14.39,977.08,24,0.64,209.07,229.42,20.36
ST-BHARATI,232,-33.97,15.39,973.98,24,0.833,209.42,214.55,5.13
ST-BHARATI,233,-27.26,15.13,978.79,24,0.705,200.0,210.29,10.29
ST-BHARATI,234,-30.67,16.11,979.63,24,0.603,206.44,222.0,15.56
ST-BHARATI,235,-31.33,11.51,966.34,24,0.775,198.32,215.79,17.47
ST-BHARATI,236,-27.75,7.72,1001.47,24,0.615,185.78,201.28,15.5
ST-BHARATI,237,-22.5,15.06,990.18,24,0.801,193.47,198.69,5.22
ST-BHARATI,238,-32.58,9.97,981.85,24,0.714,196.78,208.37,11.58
ST-BHARATI,239,-29.85,8.74,993.29,24,0.631,190.63,189.26,-1.37
ST-BHARATI,240,-30.02,11.52,967.6,24,0.739,196.59,203.61,7.02
ST-BHARATI,241,-33.11,17.39,976.37,24,0.779,212.2,226.45,14.25
ST-BHARATI,242,-28.23,17.14,989.24,24,0.855,205.16,213.54,8.37
ST-BHARATI,243,-28.82,7.33,980.58,24,0.669,186.6,200.51,13.91
ST-BHARATI,244,-37.38,9.94,975.81,24,0.87,203.12,211.56,8.45
ST-BHARATI,245,-38.74,14.25,980.81,24,0.923,213.39,218.67,5.28
ST-BHARATI,246,-37.33,11.76,962.99,24,0.82,206.75,209.59,2.84
ST-BHARATI,247,-31.29,15.22,970.47,24,0.696,205.57,218.06,12.49
ST-BHARATI,248,-27.76,15.65,975.12,24,0.62,201.71,218.12,16.41
ST-BHARATI,249,-31.5,12.61,995.52,24,0.815,200.45,202.85,2.39
ST-BHARATI,250,-36.79,5.8,959.97,24,0.914,194.28,202.49,8.21
ST-BHARATI,251,-39.32,8.26,973.89,24,0.766,202.37,209.09,6.72
ST-BHARATI,252,-31.61,7.16,1000.46,24,0.72,189.78,208.36,18.58
ST-BHARATI,253,-33.55,1.38,984.23,24,0.753,181.02,195.99,14.97
ST-BHARATI,254,-37.06,7.81,986.29,24,0.699,198.37,213.93,15.56
ST-BHARATI,255,-35.64,7.97,962.7,24,0.827,197.03,202.25,5.22
ST-BHARATI,256,-31.0,6.72,975.73,24,0.853,188.3,195.35,7.05
ST-BHARATI,257,-37.49,0,987.56,24,0.804,183.47,190.83,7.36
ST-BHARATI,258,-30.37,8.88,998.2,24,0.737,191.56,200.57,9.01
ST-BHARATI,259,-40.54,0.7,975.73,24,0.877,188.98,205.99,17.02
ST-BHARATI,260,-30.47,0.51,989.36,24,0.84,175.19,177.95,2.75
ST-BHARATI,261,-38.49,5.05,969.92,24,0.727,194.94,208.41,13.47
ST-BHARATI,262,-31.66,8.51,993.11,24,0.679,192.58,200.94,8.36
ST-BHARATI,263,-31.82,7.22,983.1,24,0.87,190.32,199.57,9.25
ST-BHARATI,264,-28.66,0,990.57,24,0.868,171.78,184.6,12.82
ST-BHARATI,265,-30.27,8.85,991.86,24,0.87,191.42,212.62,21.19
ST-BHARATI,266,-32.06,3.76,968.59,24,0.837,183.9,197.64,13.74
ST-BHARATI,267,-32.61,10.32,975.66,24,0.757,197.56,218.28,20.72
ST-BHARATI,268,-36.32,5.27,984.86,24,0.892,192.39,197.75,5.36
ST-BHARATI,269,-39.52,13.16,993.29,24,0.699,212.15,222.19,10.04
ST-BHARATI,270,-36.59,9.31,1001.62,24,0.88,200.6,209.87,9.28
ST-BHARATI,271,-31.03,8.32,964.57,24,0.794,191.62,193.32,1.7
ST-BHARATI,272,-26.81,10.65,985.84,24,0.867,190.47,198.05,7.58
ST-BHARATI,273,-34.24,14.6,987.74,24,0.931,208.07,225.07,17.0
ST-BHARATI,274,-32.23,10.31,978.37,24,0.619,197.03,208.46,11.42
ST-BHARATI,275,-35.93,5.96,991.63,24,0.61,193.18,203.23,10.05
ST-BHARATI,276,-26.06,2.78,967.51,24,0.648,174.06,175.9,1.85
ST-BHARATI,277,-34.72,13.33,977.82,24,0.847,206.28,214.62,8.34
ST-BHARATI,278,-33.37,6.13,988.11,24,0.892,190.16,204.02,13.86
ST-BHARATI,279,-39.11,4.05,974.26,24,0.701,193.75,203.95,10.2
ST-BHARATI,280,-33.35,7.19,961.32,24,0.76,192.46,208.61,16.15
ST-BHARATI,281,-26.28,11.57,978.21,24,0.78,191.66,202.14,10.48
ST-BHARATI,282,-32.81,8.22,965.04,24,0.684,193.77,207.95,14.19
ST-BHARATI,283,-38.02,8.96,1007.94,24,0.624,201.72,220.38,18.65
ST-BHARATI,284,-37.57,5.22,995.21,24,0.737,193.85,204.18,10.32
ST-BHARATI,285,-38.43,7.06,989.11,24,0.606,198.68,208.36,9.68
ST-BHARATI,286,-31.94,2.43,978.19,24,0.87,181.03,184.19,3.16
ST-BHARATI,287,-33.13,2.42,994.5,24,0.885,182.44,196.14,13.7
ST-BHARATI,288,-29.61,12.2,961.95,24,0.821,197.43,210.78,13.35
ST-BHARATI,289,-32.18,4.66,982.17,24,0.703,185.74,189.9,4.17
ST-BHARATI,290,-30.12,6.73,1006.97,24,0.78,186.89,201.62,14.74
ST-BHARATI,291,-27.66,5.66,979.58,24,0.667,181.76,202.33,20.57
ST-BHARATI,292,-36.95,11.45,987.17,24,0.644,205.43,211.83,6.39
ST-BHARATI,293,-38.24,12.19,978.93,24,0.735,208.66,206.82,-1.84
ST-BHARATI,294,-27.9,5.23,952.74,24,0.782,181.47,192.79,11.32
ST-BHARATI,295,-30.43,0,994.34,24,0.888,174.1,189.61,15.52
ST-BHARATI,296,-35.8,5.01,995.46,24,0.707,191.08,206.07,14.99
ST-BHARATI,297,-35.74,3.47,975.87,24,0.615,188.12,193.2,5.08
ST-BHARATI,298,-29.76,3.28,989.61,24,0.943,179.74,191.6,11.86
ST-BHARATI,299,-30.76,5.49,972.6,24,0.88,185.59,192.85,7.27
ST-BHARATI,300,-36.44,0,990.24,24,0.873,182.06,200.04,17.98
ST-BHARATI,301,-30.68,6.32,982.04,24,0.734,187.05,192.28,5.23
ST-BHARATI,302,-37.05,3.76,967.39,24,0.73,190.51,188.16,-2.35
ST-BHARATI,303,-31.58,0.79,968.12,24,0.827,177.4,187.63,10.22
ST-BHARATI,304,-31.93,7.96,978.73,24,0.735,191.98,195.83,3.85
ST-BHARATI,305,-34.76,4.82,979.16,24,0.949,189.48,207.93,18.45
ST-BHARATI,306,-33.77,14.69,973.87,24,0.898,207.77,219.63,11.86
ST-BHARATI,307,-39.9,8.54,975.16,24,0.839,203.66,215.93,12.26
ST-BHARATI,308,-29.67,3.1,977.47,24,0.79,179.37,192.32,12.95
ST-BHARATI,309,-25.51,1.07,973.47,24,0.823,169.9,167.87,-2.03
ST-BHARATI,310,-30.2,1.41,985.81,24,0.649,176.65,189.87,13.22
ST-BHARATI,311,-31.18,5.11,969.14,24,0.881,185.41,195.1,9.69
ST-BHARATI,312,-36.54,4.25,988.85,24,0.95,190.61,205.22,14.61
ST-BHARATI,313,-32.19,1.21,982.68,24,0.626,178.91,178.15,-0.76
ST-BHARATI,314,-25.51,5.01,962.77,24,0.721,177.78,191.39,13.6
ST-BHARATI,315,-26.05,1.17,975.14,24,0.938,170.79,179.75,8.96
ST-BHARATI,316,-38.99,9.61,985.81,24,0.654,204.5,216.02,11.52
ST-BHARATI,317,-29.08,9.04,977.2,24,0.929,190.35,196.84,6.5
ST-BHARATI,318,-24.68,1.26,979.94,24,0.793,169.11,188.79,19.68
ST-BHARATI,319,-28.29,8.4,966.13,24,0.659,188.16,197.17,9.01
ST-BHARATI,320,-28.43,5.17,969.6,24,0.812,181.91,185.12,3.21
ST-BHARATI,321,-27.67,1.7,981.31,24,0.616,173.91,182.91,9.0
ST-BHARATI,322,-33.7,1.93,968.08,24,0.746,182.45,185.06,2.6
ST-BHARATI,323,-33.31,2.4,973.08,24,0.935,182.83,191.15,8.32
ST-BHARATI,324,-37.38,6.77,975.99,24,0.626,196.83,202.53,5.7
ST-BHARATI,325,-26.08,7.58,971.93,24,0.812,183.56,195.22,11.66
ST-BHARATI,326,-32.42,11.88,977.64,24,0.941,200.38,200.43,0.05
ST-BHARATI,327,-27.25,8.82,970.26,24,0.763,187.56,196.59,9.03
ST-BHARATI,328,-30.09,9.0,988.15,24,0.734,191.52,205.23,13.71
ST-BHARATI,329,-31.91,4.0,984.69,24,0.715,184.04,192.16,8.12
ST-BHARATI,330,-32.59,4.38,981.16,24,0.78,185.72,189.8,4.08
ST-BHARATI,331,-32.86,6.03,1008.62,24,0.777,189.1,202.28,13.18
ST-BHARATI,332,-26.58,5.42,977.67,24,0.773,179.89,192.5,12.61
ST-BHARATI,333,-24.88,2.07,965.37,24,0.897,171.12,184.17,13.05
ST-BHARATI,334,-36.58,9.48,977.13,24,0.728,201.13,201.88,0.75
ST-BHARATI,335,-33.17,9.04,985.19,24,0.626,195.68,213.17,17.49
ST-BHARATI,336,-35.63,5.82,973.3,24,0.838,192.66,221.77,29.11
ST-BHARATI,337,-20.73,13.38,963.21,24,0.719,188.05,205.45,17.4
ST-BHARATI,338,-22.36,3.49,984.5,24,0.775,170.44,188.31,17.87
ST-BHARATI,339,-26.38,6.61,973.22,24,0.76,182.01,198.91,16.89
ST-BHARATI,340,-32.12,3.02,972.22,24,0.657,182.49,200.27,17.78
ST-BHARATI,341,-21.66,5.61,976.69,24,0.89,173.79,190.61,16.83
ST-BHARATI,342,-34.24,4.73,973.21,24,0.729,188.67,210.02,21.34
ST-BHARATI,343,-33.11,0,961.47,24,0.854,177.91,184.0,6.09
ST-BHARATI,344,-28.18,5.14,949.05,24,0.874,181.69,195.76,14.06
ST-BHARATI,345,-26.84,0.82,977.16,24,0.66,171.12,173.81,2.68
ST-BHARATI,346,-31.4,1.97,983.68,24,0.838,179.36,187.9,8.54
ST-BHARATI,347,-17.9,7.92,981.81,24,0.71,173.33,184.83,11.5
ST-BHARATI,348,-23.75,10.99,962.47,24,0.922,187.31,204.65,17.34
ST-BHARATI,349,-22.62,1.32,986.05,24,0.673,166.48,178.29,11.81
ST-BHARATI,350,-29.72,11.25,969.72,24,0.661,195.64,205.31,9.67
ST-BHARATI,351,-23.79,4.08,967.43,24,0.852,173.64,193.28,19.64
ST-BHARATI,352,-30.6,1.18,973.96,24,0.686,176.82,184.95,8.13
ST-BHARATI,353,-29.31,4.98,989.94,24,0.701,182.51,192.36,9.85
ST-BHARATI,354,-24.85,12.03,975.46,24,0.927,190.7,207.6,16.91
ST-BHARATI,355,-25.47,2.93,993.0,24,0.733,173.36,190.47,17.11
ST-BHARATI,356,-18.9,5.08,1000.81,24,0.702,168.88,176.54,7.66
ST-BHARATI,357,-27.58,12.15,972.62,24,0.69,194.58,210.56,15.98
ST-BHARATI,358,-28.63,6.35,952.91,24,0.844,184.65,192.72,8.07
ST-BHARATI,359,-22.23,10.2,972.36,24,0.834,183.65,192.7,9.05
ST-BHARATI,360,-31.28,4.89,991.72,24,0.851,184.93,198.39,13.46
ST-BHARATI,361,-20.01,10.05,995.16,24,0.925,180.24,192.31,12.07
ST-BHARATI,362,-33.21,11.16,989.87,24,0.67,199.91,205.72,5.82
ST-BHARATI,363,-21.84,5.21,964.05,24,0.631,173.33,173.29,-0.04
ST-BHARATI,364,-29.56,3.78,975.26,24,0.92,180.59,178.49,-2.1
ST-MAITRI,0,-21.25,13.37,992.11,25,0.949,188.47,212.75,24.28
ST-MAITRI,1,-28.59,8.82,1008.3,25,0.924,189.01,195.18,6.17
ST-MAITRI,2,-24.33,5.62,974.8,25,0.944,177.34,188.37,11.04
ST-MAITRI,3,-27.18,17.74,966.51,25,0.928,205.17,215.43,10.26
ST-MAITRI,4,-21.78,2.38,982.06,25,0.657,167.5,181.03,13.53
ST-MAITRI,5,-27.3,6.79,987.65,25,0.877,183.45,204.36,20.91
ST-MAITRI,6,-30.31,3.22,990.66,25,0.914,180.33,202.94,22.61
ST-MAITRI,7,-21.8,1.74,995.26,25,0.665,166.13,181.58,15.45
ST-MAITRI,8,-21.66,8.73,980.11,25,0.682,179.93,195.5,15.58
ST-MAITRI,9,-23.53,0,973.84,25,0.604,165.16,184.79,19.62
ST-MAITRI,10,-27.13,0.95,985.57,25,0.707,171.68,183.86,12.18
ST-MAITRI,11,-27.41,8.65,994.79,25,0.709,187.22,192.54,5.32
ST-MAITRI,12,-16.77,11.99,975.37,25,0.677,179.96,198.8,18.84
ST-MAITRI,13,-21.68,7.72,979.77,25,0.746,177.95,180.99,3.04
ST-MAITRI,14,-27.39,4.63,962.76,25,0.676,179.51,188.32,8.81
ST-MAITRI,15,-22.85,12.71,983.47,25,0.756,189.34,198.84,9.51
ST-MAITRI,16,-23.29,4.45,976.06,25,0.792,173.64,184.26,10.62
ST-MAITRI,17,-27.91,5.82,986.3,25,0.782,182.35,198.09,15.74
ST-MAITRI,18,-20.54,7.81,975.46,25,0.779,176.66,186.75,10.09
ST-MAITRI,19,-20.84,1.9,966.79,25,0.62,165.44,175.49,10.05
ST-MAITRI,20,-29.35,7.7,977.99,25,0.886,188.05,194.04,5.99
ST-MAITRI,21,-22.31,0.75,990.59,25,0.622,164.88,177.04,12.16
ST-MAITRI,22,-12.71,5.66,1005.37,25,0.611,161.8,178.23,16.43
ST-MAITRI,23,-27.67,9.71,983.3,25,0.826,189.77,184.87,-4.9
ST-MAITRI,24,-32.82,12.03,962.09,25,0.917,201.35,221.59,20.24
ST-MAITRI,25,-25.97,10.27,972.14,25,0.829,188.72,194.01,5.29
ST-MAITRI,26,-22.98,8.05,965.68,25,0.855,180.45,190.51,10.07
ST-MAITRI,27,-21.36,6.33,990.0,25,0.836,174.68,187.08,12.4
ST-MAITRI,28,-26.03,4.64,984.03,25,0.721,177.56,184.61,7.05
ST-MAITRI,29,-22.68,15.29,979.08,25,0.883,194.28,203.29,9.02
ST-MAITRI,30,-27.01,9.31,981.59,25,0.672,188.12,198.27,10.15
ST-MAITRI,31,-20.09,6.62,964.71,25,0.617,173.8,179.0,5.19
ST-MAITRI,32,-21.05,1.95,980.83,25,0.902,165.69,181.88,16.19
ST-MAITRI,33,-16.25,7.64,974.61,25,0.856,170.69,193.17,22.48
ST-MAITRI,34,-22.85,10.9,975.06,25,0.706,185.83,192.2,6.36
ST-MAITRI,35,-16.81,10.6,981.84,25,0.621,177.22,192.82,15.6
ST-MAITRI,36,-12.55,3.38,994.3,25,0.75,157.19,163.99,6.81
ST-MAITRI,37,-30.95,6.29,996.71,25,0.875,187.22,195.88,8.66
ST-MAITRI,38,-21.87,9.77,986.9,25,0.864,182.2,198.72,16.52
ST-MAITRI,39,-27.7,7.29,974.1,25,0.882,185.09,205.94,20.84
ST-MAITRI,40,-15.49,3.38,995.01,25,0.647,161.05,170.25,9.19
ST-MAITRI,41,-19.69,8.69,963.61,25,0.896,177.39,178.57,1.18
ST-MAITRI,42,-14.34,9.53,983.47,25,0.836,171.8,187.9,16.1
ST-MAITRI,43,-26.1,1.1,987.7,25,0.854,170.6,191.77,21.17
ST-MAITRI,44,-23.77,4.35,987.37,25,0.935,173.96,182.19,8.23
ST-MAITRI,45,-10.04,6.91,985.83,25,0.95,160.92,172.46,11.54
ST-MAITRI,46,-22.26,6.39,973.57,25,0.92,176.15,185.77,9.63
ST-MAITRI,47,-25.76,3.78,969.15,25,0.726,175.62,191.8,16.18
ST-MAITRI,48,-19.46,10.78,974.53,25,0.943,181.14,193.4,12.26
ST-MAITRI,49,-26.54,7.46,989.92,25,0.745,183.76,192.02,8.26
ST-MAITRI,50,-21.55,4.92,985.67,25,0.927,172.18,188.01,15.84
ST-MAITRI,51,-22.5,4.02,986.18,25,0.733,171.64,187.2,15.56
ST-MAITRI,52,-16.4,1.93,969.71,25,0.69,159.6,163.02,3.42
ST-MAITRI,53,-14.14,0,971.23,25,0.659,152.79,158.16,5.38
ST-MAITRI,54,-17.91,3.66,977.42,25,0.921,164.96,170.24,5.28
ST-MAITRI,55,-24.04,4.5,982.94,25,0.896,174.66,187.21,12.55
ST-MAITRI,56,-12.84,3.99,981.11,25,0.895,158.89,164.7,5.81
ST-MAITRI,57,-17.62,12.23,994.22,25,0.731,181.39,192.95,11.56
ST-MAITRI,58,-22.65,2.0,969.74,25,0.771,168.0,174.74,6.75
ST-MAITRI,59,-13.14,6.21,994.69,25,0.696,163.56,175.09,11.53
ST-MAITRI,60,-17.39,5.9,986.94,25,0.882,168.62,172.24,3.63
ST-MAITRI,61,-16.45,4.98,985.6,25,0.667,165.57,178.35,12.77
ST-MAITRI,62,-25.24,4.78,978.69,25,0.731,176.85,194.0,17.15
ST-MAITRI,63,-22.21,8.87,988.57,25,0.839,180.86,192.3,11.43
ST-MAITRI,64,-14.5,1.24,992.74,25,0.633,155.54,158.32,2.79
ST-MAITRI,65,-21.49,9.49,981.55,25,0.66,181.19,192.27,11.09
ST-MAITRI,66,-22.01,6.0,983.32,25,0.9,174.96,179.39,4.43
ST-MAITRI,67,-13.64,8.76,987.98,25,0.904,169.33,182.45,13.11
ST-MAITRI,68,-14.18,3.05,984.52,25,0.924,158.76,171.56,12.8
ST-MAITRI,69,-13.43,2.95,1007.0,25,0.71,157.38,171.27,13.88
ST-MAITRI,70,-12.36,4.72,980.27,25,0.739,159.72,161.44,1.72
ST-MAITRI,71,-15.37,7.11,981.36,25,0.736,168.4,190.94,22.54
ST-MAITRI,72,-14.58,3.83,980.23,25,0.946,160.86,169.8,8.94
ST-MAITRI,73,-18.15,1.35,983.94,25,0.753,160.64,171.59,10.94
ST-MAITRI,74,-15.42,2.9,983.56,25,0.739,160.12,156.48,-3.63
ST-MAITRI,75,-17.17,5.03,974.51,25,0.772,166.71,196.66,29.95
ST-MAITRI,76,-23.15,13.49,963.53,25,0.831,191.46,206.88,15.42
ST-MAITRI,77,-12.47,8.85,985.64,25,0.629,167.98,169.57,1.59
ST-MAITRI,78,-13.64,11.2,966.88,25,0.711,174.34,178.05,3.72
ST-MAITRI,79,-16.86,6.25,975.94,25,0.694,168.71,184.98,16.26
ST-MAITRI,80,-15.42,7.91,965.52,25,0.743,170.17,183.8,13.63
ST-MAITRI,81,-13.44,6.61,993.51,25,0.714,164.76,180.3,15.54
ST-MAITRI,82,-19.6,8.19,976.15,25,0.915,176.17,189.89,13.71
ST-MAITRI,83,-7.92,0,973.42,25,0.733,144.56,154.13,9.57
ST-MAITRI,84,-14.88,8.59,975.67,25,0.752,170.75,182.1,11.35
ST-MAITRI,85,-21.1,8.19,988.09,25,0.686,178.04,191.09,13.05
ST-MAITRI,86,-20.83,2.2,981.92,25,0.707,165.88,179.61,13.72
ST-MAITRI,87,-13.61,4.86,964.22,25,0.715,161.78,165.43,3.65
ST-MAITRI,88,-20.75,12.34,1000.61,25,0.648,185.68,183.88,-1.8
ST-MAITRI,89,-21.17,14.76,983.17,25,0.938,191.2,208.35,17.15
ST-MAITRI,90,-13.75,5.35,975.27,25,0.802,162.83,167.78,4.95
ST-MAITRI,91,-16.82,9.88,984.86,25,0.64,175.76,180.98,5.22
ST-MAITRI,92,-21.93,3.91,962.58,25,0.793,170.89,179.78,8.9
ST-MAITRI,93,-12.74,4.7,976.67,25,0.702,160.21,165.0,4.78
ST-MAITRI,94,-19.61,0,983.48,25,0.775,159.9,165.37,5.47
ST-MAITRI,95,-19.01,3.79,969.67,25,0.876,166.73,170.62,3.89
ST-MAITRI,96,-6.09,11.48,967.96,25,0.777,164.93,177.1,12.18
ST-MAITRI,97,-11.65,3.06,959.57,25,0.726,155.66,163.92,8.26
ST-MAITRI,98,-13.12,2.97,976.73,25,0.869,157.28,167.19,9.92
ST-MAITRI,99,-19.13,2.87,977.82,25,0.944,164.99,175.77,10.78
ST-MAITRI,100,-18.87,2.37,980.53,25,0.751,163.65,159.32,-4.33
ST-MAITRI,101,-14.02,6.2,965.52,25,0.803,164.97,176.0,11.03
ST-MAITRI,102,-21.01,4.02,964.0,25,0.806,169.88,187.93,18.05
ST-MAITRI,103,-20.84,5.99,985.57,25,0.746,173.37,185.03,11.66
ST-MAITRI,104,-15.26,5.53,986.18,25,0.709,165.08,174.92,9.84
ST-MAITRI,105,-19.84,6.75,966.43,25,0.753,173.73,185.72,12.0
ST-MAITRI,106,-18.41,2.69,973.21,25,0.64,163.73,184.83,21.1
ST-MAITRI,107,-13.92,1.31,976.82,25,0.944,155.03,164.03,9.0
ST-MAITRI,108,-17.24,8.48,988.23,25,0.935,173.51,192.18,18.67
ST-MAITRI,109,-16.91,10.05,986.87,25,0.751,176.2,195.32,19.12
ST-MAITRI,110,-11.99,7.01,985.22,25,0.736,163.7,182.48,18.78
ST-MAITRI,111,-18.22,3.39,980.32,25,0.622,164.81,164.51,-0.3
ST-MAITRI,112,-11.0,10.84,984.11,25,0.76,169.99,186.21,16.22
ST-MAITRI,113,-18.17,13.95,963.13,25,0.809,185.79,195.85,10.06
ST-MAITRI,114,-21.68,2.58,966.61,25,0.816,167.88,188.93,21.05
ST-MAITRI,115,-15.22,0.24,975.13,25,0.63,154.65,173.21,18.57
ST-MAITRI,116,-16.38,7.49,977.4,25,0.843,170.53,185.83,15.3
ST-MAITRI,117,-21.93,5.72,987.65,25,0.665,174.24,189.57,15.32
ST-MAITRI,118,-21.89,1.37,948.51,25,0.794,165.93,157.03,-8.9
ST-MAITRI,119,-20.09,6.14,974.81,25,0.619,172.77,189.41,16.63
ST-MAITRI,120,-18.31,6.43,994.42,25,0.937,170.82,191.35,20.53
ST-MAITRI,121,-22.7,5.84,975.04,25,0.894,175.62,181.88,6.27
ST-MAITRI,122,-19.75,6.12,999.92,25,0.702,172.06,185.03,12.97
ST-MAITRI,123,-18.94,10.91,986.52,25,0.86,180.59,198.16,17.58
ST-MAITRI,124,-17.73,0.97,984.48,25,0.871,159.34,173.13,13.79
ST-MAITRI,125,-16.61,2.57,981.54,25,0.852,161.06,171.25,10.19
ST-MAITRI,126,-29.99,2.52,998.07,25,0.863,178.47,197.06,18.59
ST-MAITRI,127,-22.98,20.59,969.44,25,0.886,205.22,218.88,13.65
ST-MAITRI,128,-30.41,10.78,981.42,25,0.884,195.51,203.07,7.56
ST-MAITRI,129,-21.79,4.05,975.85,25,0.658,170.87,173.42,2.55
ST-MAITRI,130,-16.97,8.09,981.12,25,0.723,172.45,185.59,13.14
ST-MAITRI,131,-19.77,10.88,971.64,25,0.701,181.76,201.14,19.38
ST-MAITRI,132,-19.75,13.86,998.02,25,0.633,187.39,197.24,9.84
ST-MAITRI,133,-12.15,4.37,1012.75,25,0.903,158.46,161.31,2.85
ST-MAITRI,134,-13.47,11.74,980.04,25,0.89,175.06,196.47,21.41
ST-MAITRI,135,-18.73,0.01,964.28,25,0.694,158.92,170.42,11.49
ST-MAITRI,136,-23.02,8.25,963.5,25,0.633,180.92,182.38,1.46
ST-MAITRI,137,-22.57,5.68,990.61,25,0.933,175.0,184.92,9.92
ST-MAITRI,138,-19.59,6.25,982.94,25,0.856,172.25,174.39,2.14
ST-MAITRI,139,-25.26,7.53,977.27,25,0.787,182.32,195.44,13.12
ST-MAITRI,140,-18.8,10.15,982.25,25,0.89,178.95,195.51,16.56
ST-MAITRI,141,-22.51,10.48,967.35,25,0.72,184.61,192.92,8.31
ST-MAITRI,142,-20.38,4.85,997.03,25,0.761,170.41,187.86,17.45
ST-MAITRI,143,-14.36,11.56,979.59,25,0.935,175.89,188.14,12.26
ST-MAITRI,144,-18.27,11.84,991.75,25,0.656,181.51,198.69,17.19
ST-MAITRI,145,-17.27,4.69,974.86,25,0.73,166.16,173.55,7.39
ST-MAITRI,146,-18.32,4.63,971.85,25,0.845,167.47,182.3,14.83
ST-MAITRI,147,-19.83,11.81,979.84,25,0.767,183.61,194.67,11.07
ST-MAITRI,148,-18.6,8.12,979.3,25,0.843,174.68,185.66,10.98
ST-MAITRI,149,-15.76,0,974.36,25,0.625,154.9,167.02,12.12
ST-MAITRI,150,-25.56,10.34,988.32,25,0.908,188.2,203.36,15.16
ST-MAITRI,151,-16.38,19.23,980.13,25,0.948,193.75,202.78,9.03
ST-MAITRI,152,-17.92,17.85,997.36,25,0.754,192.89,204.62,11.73
ST-MAITRI,153,-22.08,8.46,987.18,25,0.84,179.88,196.61,16.73
ST-MAITRI,154,-20.15,12.69,996.19,25,0.806,185.62,203.07,17.45
ST-MAITRI,155,-29.02,20.85,977.4,25,0.697,213.66,227.67,14.01
ST-MAITRI,156,-17.09,16.56,966.72,25,0.873,189.52,196.56,7.04
ST-MAITRI,157,-24.44,6.77,974.47,25,0.781,179.76,186.9,7.14
ST-MAITRI,158,-28.35,13.6,978.87,25,0.914,198.42,212.42,14.0
ST-MAITRI,159,-17.36,12.69,990.72,25,0.808,181.99,198.13,16.13
ST-MAITRI,160,-32.84,12.05,1007.88,25,0.646,201.01,210.59,9.58
ST-MAITRI,161,-18.78,10.02,967.94,25,0.867,178.78,197.43,18.64
ST-MAITRI,162,-15.65,12.06,984.46,25,0.692,178.55,189.75,11.19
ST-MAITRI,163,-21.0,14.35,983.49,25,0.82,190.14,194.83,4.68
ST-MAITRI,164,-26.64,13.97,978.52,25,0.788,196.89,205.95,9.06
ST-MAITRI,165,-25.03,11.85,974.72,25,0.671,190.6,208.13,17.53
ST-MAITRI,166,-20.99,9.37,966.84,25,0.892,180.41,197.77,17.35
ST-MAITRI,167,-23.51,12.66,973.85,25,0.896,190.2,192.97,2.77
ST-MAITRI,168,-21.44,14.6,967.91,25,0.813,191.36,205.57,14.2
ST-MAITRI,169,-25.55,20.13,979.64,25,0.848,207.64,216.35,8.72
ST-MAITRI,170,-24.01,11.72,993.97,25,0.874,188.82,198.56,9.75
ST-MAITRI,171,-23.87,11.62,994.61,25,0.694,188.44,206.89,18.45
ST-MAITRI,172,-18.37,9.5,1001.4,25,0.695,176.92,189.89,12.97
ST-MAITRI,173,-17.89,16.47,975.74,25,0.759,190.3,200.48,10.18
ST-MAITRI,174,-26.84,17.62,969.51,25,0.689,204.46,213.06,8.6
ST-MAITRI,175,-19.8,17.15,978.53,25,0.778,194.15,201.28,7.13
ST-MAITRI,176,-16.44,16.18,980.46,25,0.734,187.77,205.72,17.94
ST-MAITRI,177,-18.81,21.49,989.52,25,0.92,201.34,207.5,6.16
ST-MAITRI,178,-24.63,9.84,974.57,25,0.852,186.08,203.44,17.36
ST-MAITRI,179,-24.73,15.6,970.12,25,0.916,197.66,214.82,17.16
ST-MAITRI,180,-21.55,20.52,1009.58,25,0.624,202.88,211.76,8.89
ST-MAITRI,181,-27.97,14.71,986.0,25,0.794,200.04,207.09,7.05
ST-MAITRI,182,-22.26,14.13,970.6,25,0.818,191.49,201.09,9.6
ST-MAITRI,183,-30.29,15.2,959.36,25,0.668,204.31,215.58,11.27
ST-MAITRI,184,-19.72,10.04,980.04,25,0.744,179.96,191.86,11.9
ST-MAITRI,185,-24.95,17.67,993.11,25,0.933,201.85,203.62,1.77
ST-MAITRI,186,-19.63,14.05,991.27,25,0.636,187.68,190.51,2.82
ST-MAITRI,187,-28.52,13.45,975.79,25,0.949,198.36,210.71,12.35
ST-MAITRI,188,-26.18,12.28,1002.53,25,0.782,192.73,198.06,5.33
ST-MAITRI,189,-27.07,10.32,984.99,25,0.633,190.17,200.43,10.26
ST-MAITRI,190,-21.08,19.51,993.86,25,0.752,200.38,215.16,14.78
ST-MAITRI,191,-23.3,13.34,979.28,25,0.88,191.23,208.34,17.11
ST-MAITRI,192,-28.29,7.79,976.04,25,0.626,186.84,201.82,14.98
ST-MAITRI,193,-24.4,20.66,973.99,25,0.658,207.2,216.22,9.02
ST-MAITRI,194,-30.57,14.86,949.76,25,0.673,204.09,211.48,7.39
ST-MAITRI,195,-27.83,16.93,985.13,25,0.84,204.26,218.37,14.1
ST-MAITRI,196,-23.99,8.52,1002.09,25,0.715,182.39,196.32,13.93
ST-MAITRI,197,-24.44,15.64,971.12,25,0.837,197.35,214.7,17.36
ST-MAITRI,198,-27.89,26.21,991.98,25,0.758,222.65,235.12,12.48
ST-MAITRI,199,-27.28,10.97,958.95,25,0.649,191.95,205.26,13.3
ST-MAITRI,200,-19.86,14.57,986.31,25,0.888,189.05,200.64,11.59
ST-MAITRI,201,-31.43,18.06,970.26,25,0.691,211.37,216.07,4.7
ST-MAITRI,202,-27.31,13.22,1003.8,25,0.755,196.08,212.46,16.38
ST-MAITRI,203,-21.77,20.28,985.15,25,0.615,202.9,208.75,5.85
ST-MAITRI,204,-30.25,14.59,960.07,25,0.738,203.03,209.23,6.2
ST-MAITRI,205,-22.06,15.12,983.89,25,0.666,193.06,207.58,14.52
ST-MAITRI,206,-29.7,22.15,996.28,25,0.686,216.96,229.69,12.73
ST-MAITRI,207,-29.43,17.96,975.96,25,0.698,208.48,218.81,10.32
ST-MAITRI,208,-26.66,16.03,990.97,25,0.821,200.88,207.62,6.74
ST-MAITRI,209,-26.23,7.26,1000.9,25,0.726,182.87,193.3,10.43
ST-MAITRI,210,-33.07,12.73,992.1,25,0.736,202.8,210.28,7.48
ST-MAITRI,211,-27.27,17.17,984.94,25,0.872,204.0,228.38,24.38
ST-MAITRI,212,-17.36,18.45,959.87,25,0.95,193.66,204.03,10.37
ST-MAITRI,213,-27.2,13.7,974.78,25,0.886,197.12,205.11,7.99
ST-MAITRI,214,-27.95,13.33,988.44,25,0.896,197.25,209.14,11.89
ST-MAITRI,215,-28.15,10.42,992.32,25,0.662,191.73,192.72,0.99
ST-MAITRI,216,-35.42,10.02,971.41,25,0.61,200.71,198.69,-2.03
ST-MAITRI,217,-32.45,4.75,965.77,25,0.666,186.41,194.23,7.83
ST-MAITRI,218,-21.35,13.38,969.69,25,0.772,188.81,200.42,11.61
ST-MAITRI,219,-27.25,15.56,982.86,25,0.6,200.8,218.5,17.7
ST-MAITRI,220,-27.48,12.68,993.01,25,0.922,195.31,214.38,19.08
ST-MAITRI,221,-27.95,11.07,995.8,25,0.921,192.71,205.91,13.2
ST-MAITRI,222,-28.85,6.35,999.55,25,0.731,184.52,183.96,-0.56
ST-MAITRI,223,-26.39,12.57,988.19,25,0.648,193.69,207.44,13.75
ST-MAITRI,224,-24.89,22.15,987.93,25,0.827,210.68,207.58,-3.1
ST-MAITRI,225,-25.52,23.36,970.42,25,0.875,214.06,213.0,-1.06
ST-MAITRI,226,-29.55,19.26,984.64,25,0.841,211.15,227.44,16.29
ST-MAITRI,227,-26.04,18.64,1007.75,25,0.737,205.08,211.65,6.56
ST-MAITRI,228,-20.29,13.63,995.96,25,0.922,187.67,201.43,13.76
ST-MAITRI,229,-27.97,13.43,954.17,25,0.649,197.78,202.89,5.1
ST-MAITRI,230,-30.92,11.05,987.23,25,0.91,196.68,208.33,11.65
ST-MAITRI,231,-25.6,17.32,963.93,25,0.756,202.28,203.96,1.68
ST-MAITRI,232,-31.31,17.02,988.42,25,0.638,209.0,221.6,12.6
ST-MAITRI,233,-27.16,14.03,976.54,25,0.91,197.71,194.03,-3.68
ST-MAITRI,234,-35.1,14.17,974.68,25,0.768,208.48,219.03,10.55
ST-MAITRI,235,-27.47,9.62,977.25,25,0.626,189.39,196.72,7.33
ST-MAITRI,236,-29.48,11.24,967.64,25,0.626,195.33,219.37,24.04
ST-MAITRI,237,-29.58,17.4,978.29,25,0.914,207.57,212.14,4.57
ST-MAITRI,238,-27.05,16.97,969.59,25,0.611,203.44,209.48,6.04
ST-MAITRI,239,-29.36,13.15,985.4,25,0.635,198.8,207.23,8.44
ST-MAITRI,240,-30.97,16.5,973.75,25,0.855,207.65,210.35,2.7
ST-MAITRI,241,-32.07,17.24,980.3,25,0.8,210.51,223.92,13.41
ST-MAITRI,242,-30.6,12.05,971.87,25,0.703,198.36,214.24,15.88
ST-MAITRI,243,-34.75,9.39,980.85,25,0.66,198.5,210.6,12.1
ST-MAITRI,244,-32.4,15.6,985.73,25,0.739,207.65,214.56,6.91
ST-MAITRI,245,-37.91,14.4,992.64,25,0.665,212.5,227.39,14.9
ST-MAITRI,246,-29.22,11.47,971.16,25,0.763,195.4,208.28,12.88
ST-MAITRI,247,-31.7,17.13,998.56,25,0.834,209.64,225.09,15.45
ST-MAITRI,248,-29.07,15.88,949.19,25,0.806,204.14,211.57,7.43
ST-MAITRI,249,-39.52,11.47,985.21,25,0.787,208.87,214.63,5.76
ST-MAITRI,250,-29.3,2.63,990.05,25,0.628,177.84,183.86,6.02
ST-MAITRI,251,-27.21,2.37,954.23,25,0.88,174.87,186.6,11.73
ST-MAITRI,252,-34.89,1.0,994.69,25,0.661,181.96,199.69,17.73
ST-MAITRI,253,-21.84,4.95,982.24,25,0.748,172.66,180.99,8.33
ST-MAITRI,254,-28.28,5.69,996.86,25,0.892,182.48,194.3,11.82
ST-MAITRI,255,-33.02,14.78,983.84,25,0.736,206.87,216.91,10.03
ST-MAITRI,256,-35.47,8.14,977.82,25,0.906,197.0,215.58,18.58
ST-MAITRI,257,-31.4,0.56,967.61,25,0.745,176.71,187.05,10.34
ST-MAITRI,258,-29.53,10.27,981.5,25,0.924,193.35,191.27,-2.08
ST-MAITRI,259,-34.45,5.29,976.66,25,0.72,190.02,208.37,18.34
ST-MAITRI,260,-36.11,8.09,963.62,25,0.613,197.87,209.17,11.31
ST-MAITRI,261,-33.16,8.2,965.68,25,0.614,194.18,198.93,4.75
ST-MAITRI,262,-30.08,3.7,981.55,25,0.922,181.07,203.08,22.01
ST-MAITRI,263,-32.22,5.51,984.19,25,0.698,187.45,193.8,6.34
ST-MAITRI,264,-39.05,6.32,999.73,25,0.647,197.95,215.68,17.73
ST-MAITRI,265,-28.64,5.3,984.36,25,0.746,182.31,189.31,7.0
ST-MAITRI,266,-34.5,3.96,985.37,25,0.859,187.38,210.03,22.65
ST-MAITRI,267,-32.47,0,986.23,25,0.656,176.85,181.11,4.26
ST-MAITRI,268,-34.74,10.41,995.42,25,0.908,200.38,221.24,20.86
ST-MAITRI,269,-30.4,6.47,991.38,25,0.687,186.89,187.92,1.03
ST-MAITRI,270,-41.6,8.42,977.3,25,0.888,205.65,212.98,7.33
ST-MAITRI,271,-38.67,5.82,982.13,25,0.73,196.59,208.79,12.2
ST-MAITRI,272,-35.07,4.61,990.96,25,0.722,189.37,194.68,5.31
ST-MAITRI,273,-28.61,13.26,979.88,25,0.7,198.07,199.9,1.83
ST-MAITRI,274,-34.8,7.56,952.09,25,0.9,195.2,200.39,5.19
ST-MAITRI,275,-36.62,1.19,978.53,25,0.607,184.75,201.4,16.65
ST-MAITRI,276,-31.7,0,1006.39,25,0.827,175.66,188.03,12.37
ST-MAITRI,277,-33.41,5.69,979.67,25,0.707,189.41,211.3,21.88
ST-MAITRI,278,-27.36,4.82,969.65,25,0.722,179.8,193.59,13.8
ST-MAITRI,279,-33.02,10.48,970.12,25,0.739,198.48,199.64,1.16
ST-MAITRI,280,-29.12,8.87,967.91,25,0.731,190.16,191.47,1.31
ST-MAITRI,281,-36.23,1.62,978.28,25,0.622,185.1,198.45,13.35
ST-MAITRI,282,-27.21,5.58,986.02,25,0.849,180.97,189.14,8.18
ST-MAITRI,283,-30.27,3.89,992.02,25,0.915,181.6,201.94,20.34
ST-MAITRI,284,-30.42,0,965.73,25,0.838,174.32,180.83,6.51
ST-MAITRI,285,-33.9,0.26,989.3,25,0.746,179.22,190.38,11.16
ST-MAITRI,286,-33.64,6.69,975.93,25,0.666,191.74,195.03,3.28
ST-MAITRI,287,-33.21,3.19,959.46,25,0.917,184.39,194.2,9.82
ST-MAITRI,288,-35.0,1.8,992.98,25,0.907,183.71,186.25,2.54
ST-MAITRI,289,-31.97,7.65,986.44,25,0.883,191.32,206.58,15.26
ST-MAITRI,290,-32.48,3.46,975.36,25,0.631,183.82,189.58,5.75
ST-MAITRI,291,-36.71,11.21,972.58,25,0.716,204.76,225.74,20.98
ST-MAITRI,292,-32.83,9.33,988.04,25,0.903,195.79,202.36,6.57
ST-MAITRI,293,-40.88,1.18,1002.7,25,0.775,190.15,206.98,16.82
ST-MAITRI,294,-29.88,3.1,978.8,25,0.899,179.63,193.54,13.9
ST-MAITRI,295,-30.73,8.03,966.89,25,0.917,190.63,206.92,16.29
ST-MAITRI,296,-35.79,6.92,975.54,25,0.771,195.02,196.19,1.17
ST-MAITRI,297,-34.06,4.17,979.23,25,0.696,187.27,197.82,10.54
ST-MAITRI,298,-32.14,3.58,981.26,25,0.867,183.54,188.45,4.91
ST-MAITRI,299,-27.56,8.9,971.85,25,0.938,188.12,195.77,7.65
ST-MAITRI,300,-33.02,6.74,983.62,25,0.605,190.95,206.99,16.03
ST-MAITRI,301,-35.45,12.8,986.58,25,0.819,206.14,226.14,19.99
ST-MAITRI,302,-32.03,12.15,976.48,25,0.734,200.41,214.2,13.79
ST-MAITRI,303,-34.06,4.72,984.52,25,0.702,188.31,194.81,6.49
ST-MAITRI,304,-32.69,0.66,966.84,25,0.948,178.62,201.56,22.93
ST-MAITRI,305,-36.61,13.19,975.09,25,0.932,208.53,223.68,15.16
ST-MAITRI,306,-28.26,4.0,982.61,25,0.646,179.25,199.56,20.31
ST-MAITRI,307,-32.26,0.69,985.59,25,0.828,177.94,194.59,16.65
ST-MAITRI,308,-23.69,7.9,979.46,25,0.617,180.97,198.98,18.0
ST-MAITRI,309,-25.68,5.8,978.64,25,0.841,179.45,190.17,10.72
ST-MAITRI,310,-34.88,7.95,966.99,25,0.654,195.95,204.73,8.78
ST-MAITRI,311,-33.32,0.69,974.42,25,0.832,179.44,199.48,20.04
ST-MAITRI,312,-32.01,11.41,994.72,25,0.637,198.77,218.04,19.27
ST-MAITRI,313,-31.63,4.04,984.29,25,0.67,183.76,196.47,12.72
ST-MAITRI,314,-30.18,8.97,972.03,25,0.846,191.72,202.87,11.15
ST-MAITRI,315,-31.39,7.09,971.81,25,0.927,189.58,201.81,12.23
ST-MAITRI,316,-31.12,6.26,967.64,25,0.892,187.62,188.07,0.44
ST-MAITRI,317,-31.99,4.01,992.13,25,0.853,184.12,199.74,15.62
ST-MAITRI,318,-28.32,7.83,984.24,25,0.704,186.89,215.74,28.85
ST-MAITRI,319,-32.48,6.41,981.55,25,0.702,189.6,202.12,12.52
ST-MAITRI,320,-29.49,2.72,979.61,25,0.865,178.36,187.51,9.15
ST-MAITRI,321,-23.0,8.22,976.2,25,0.725,180.72,188.71,7.99
ST-MAITRI,322,-35.55,8.13,983.83,25,0.885,197.03,207.13,10.09
ST-MAITRI,323,-28.64,9.69,989.29,25,0.735,190.96,201.01,10.05
ST-MAITRI,324,-25.95,0.21,967.28,25,0.64,168.83,170.91,2.08
ST-MAITRI,325,-30.54,4.69,986.61,25,0.746,183.59,193.57,9.98
ST-MAITRI,326,-36.04,2.11,976.7,25,0.733,185.83,193.58,7.75
ST-MAITRI,327,-30.48,6.75,970.83,25,0.941,187.72,189.43,1.7
ST-MAITRI,328,-23.62,12.59,989.37,25,0.616,190.07,204.67,14.6
ST-MAITRI,329,-29.9,9.47,974.91,25,0.869,192.3,195.48,3.18
ST-MAITRI,330,-34.11,3.61,997.69,25,0.718,186.06,195.92,9.86
ST-MAITRI,331,-35.57,5.1,994.6,25,0.687,190.97,206.88,15.91
ST-MAITRI,332,-32.7,10.95,962.81,25,0.795,199.05,218.12,19.07
ST-MAITRI,333,-27.85,5.9,975.65,25,0.897,182.52,191.76,9.24
ST-MAITRI,334,-24.25,0,992.44,25,0.684,165.95,180.03,14.08
ST-MAITRI,335,-27.69,5.76,982.94,25,0.741,181.97,201.67,19.69
ST-MAITRI,336,-28.41,10.41,984.14,25,0.9,192.14,197.93,5.79
ST-MAITRI,337,-30.61,6.66,962.53,25,0.636,187.78,198.61,10.82
ST-MAITRI,338,-32.94,8.67,985.24,25,0.811,194.65,206.21,11.56
ST-MAITRI,339,-30.96,3.68,971.84,25,0.835,182.27,193.74,11.46
ST-MAITRI,340,-24.72,4.83,988.03,25,0.759,176.18,188.9,12.72
ST-MAITRI,341,-33.38,3.95,962.69,25,0.851,186.08,199.3,13.23
ST-MAITRI,342,-22.99,10.43,981.94,25,0.89,185.04,202.39,17.35
ST-MAITRI,343,-24.72,5.26,961.5,25,0.616,177.25,186.55,9.29
ST-MAITRI,344,-26.7,7.89,976.03,25,0.637,184.94,186.24,1.3
ST-MAITRI,345,-29.68,4.35,990.85,25,0.76,181.73,190.49,8.75
ST-MAITRI,346,-26.32,0,989.68,25,0.924,168.71,184.72,16.01
ST-MAITRI,347,-24.65,1.45,981.82,25,0.83,169.45,174.6,5.15
ST-MAITRI,348,-25.24,5.42,965.25,25,0.617,178.21,188.85,10.64
ST-MAITRI,349,-20.16,2.98,965.78,25,0.922,166.67,179.55,12.88
ST-MAITRI,350,-24.72,10.72,979.23,25,0.736,187.91,195.96,8.06
ST-MAITRI,351,-33.59,1.11,968.18,25,0.943,180.69,192.75,12.06
ST-MAITRI,352,-20.92,2.58,975.44,25,0.94,166.81,194.28,27.47
ST-MAITRI,353,-28.69,6.62,964.11,25,0.862,185.17,201.83,16.66
ST-MAITRI,354,-28.39,11.93,992.13,25,0.927,195.03,199.9,4.87
ST-MAITRI,355,-28.17,4.02,972.93,25,0.721,179.25,186.86,7.61
ST-MAITRI,356,-31.52,0,962.23,25,0.776,175.81,174.95,-0.86
ST-MAITRI,357,-27.31,2.68,988.37,25,0.768,175.34,190.39,15.05
ST-MAITRI,358,-31.32,3.45,962.7,25,0.894,182.37,199.28,16.91
ST-MAITRI,359,-27.56,13.56,985.23,25,0.609,197.23,200.96,3.73
ST-MAITRI,360,-22.05,10.72,986.19,25,0.656,184.31,204.59,20.28
ST-MAITRI,361,-26.24,8.96,989.79,25,0.703,186.34,189.58,3.24
ST-MAITRI,362,-25.39,4.98,982.18,25,0.904,177.39,186.84,9.45
ST-MAITRI,363,-25.8,0,979.27,25,0.683,168.11,171.34,3.22
ST-MAITRI,364,-23.61,0,975.84,25,0.924,165.24,185.98,20.74
ST-HIMADRI,0,-22.62,12.51,990.27,8,0.793,188.59,194.17,5.58
ST-HIMADRI,1,-11.83,6.25,964.81,8,0.905,162.16,161.9,-0.26
ST-HIMADRI,2,-10.48,0,975.13,8,0.864,147.93,146.33,-1.59
ST-HIMADRI,3,-19.8,4.43,985.07,8,0.703,168.9,159.54,-9.37
ST-HIMADRI,4,-11.78,11.44,982.86,8,0.78,172.23,181.95,9.72
ST-HIMADRI,5,-17.35,8.95,974.06,8,0.804,174.72,180.04,5.32
ST-HIMADRI,6,-14.29,9.58,978.26,8,0.654,171.89,174.19,2.3
ST-HIMADRI,7,-14.61,7.16,995.12,8,0.832,167.37,170.51,3.14
ST-HIMADRI,8,-19.11,6.31,966.8,8,0.711,171.88,186.01,14.13
ST-HIMADRI,9,-13.29,8.5,992.95,8,0.746,168.31,177.4,9.08
ST-HIMADRI,10,-15.34,5.59,981.5,8,0.716,165.36,175.43,10.07
ST-HIMADRI,11,-15.3,8.15,980.25,8,0.949,170.38,170.15,-0.23
ST-HIMADRI,12,-8.32,0,997.82,8,0.756,144.88,151.55,6.67
ST-HIMADRI,13,-8.67,2.88,958.05,8,0.839,151.4,147.53,-3.86
ST-HIMADRI,14,-16.93,14.03,991.15,8,0.789,184.08,188.42,4.34
ST-HIMADRI,15,-14.76,14.62,985.09,8,0.881,182.43,184.01,1.57
ST-HIMADRI,16,-13.95,6.4,986.3,8,0.78,165.09,169.04,3.96
ST-HIMADRI,17,-10.4,5.23,994.35,8,0.603,157.99,161.38,3.39
ST-HIMADRI,18,-7.1,8.38,983.54,8,0.748,159.98,154.25,-5.73
ST-HIMADRI,19,-8.48,9.02,970.4,8,0.871,163.19,154.25,-8.93
ST-HIMADRI,20,-18.04,0,979.86,8,0.761,157.86,160.59,2.74
ST-HIMADRI,21,-13.01,7.49,1000.11,8,0.795,165.88,175.82,9.94
ST-HIMADRI,22,-14.6,4.7,979.35,8,0.821,162.63,175.07,12.44
ST-HIMADRI,23,-12.59,6.3,973.12,8,0.824,163.2,163.15,-0.06
ST-HIMADRI,24,-16.73,1.45,963.99,8,0.625,159.15,159.9,0.75
ST-HIMADRI,25,-9.96,5.17,982.33,8,0.63,157.41,158.02,0.61
ST-HIMADRI,26,-11.13,1.73,966.05,8,0.766,152.28,163.91,11.63
ST-HIMADRI,27,-13.53,5.55,963.39,8,0.791,163.04,176.18,13.14
ST-HIMADRI,28,-9.13,5.45,968.27,8,0.878,156.99,151.84,-5.14
ST-HIMADRI,29,-11.67,2.17,994.48,8,0.794,153.62,157.61,3.99
ST-HIMADRI,30,-10.76,6.28,967.77,8,0.931,160.8,163.6,2.81
ST-HIMADRI,31,-13.17,12.26,989.05,8,0.744,175.62,178.6,2.98
ST-HIMADRI,32,-13.73,2.19,984.5,8,0.892,156.47,166.93,10.45
ST-HIMADRI,33,-9.83,8.38,987.2,8,0.898,163.54,159.27,-4.28
ST-HIMADRI,34,1.14,0.7,965.29,8,0.702,134.05,141.79,7.74
ST-HIMADRI,35,-8.81,6.75,977.88,8,0.716,159.05,158.18,-0.87
ST-HIMADRI,36,-6.31,10.21,993.49,8,0.915,162.48,174.36,11.88
ST-HIMADRI,37,-12.05,9.99,972.37,8,0.804,169.79,172.8,3.0
ST-HIMADRI,38,-13.62,4.48,974.86,8,0.602,160.93,172.14,11.21
ST-HIMADRI,39,-9.96,8.83,979.18,8,0.894,164.68,165.14,0.46
ST-HIMADRI,40,-5.6,10.86,989.63,8,0.726,162.85,164.23,1.38
ST-HIMADRI,41,-11.54,10.76,987.37,8,0.895,170.53,184.72,14.19
ST-HIMADRI,42,-8.32,4.3,970.9,8,0.91,153.61,159.44,5.82
ST-HIMADRI,43,-8.2,6.73,994.18,8,0.611,158.08,164.36,6.29
ST-HIMADRI,44,-13.05,3.99,957.96,8,0.793,159.38,158.74,-0.63
ST-HIMADRI,45,-23.47,2.06,959.58,8,0.728,169.28,177.13,7.85
ST-HIMADRI,46,-8.16,12.78,978.95,8,0.763,170.14,171.4,1.26
ST-HIMADRI,47,-13.22,5.74,962.31,8,0.897,163.02,169.78,6.76
ST-HIMADRI,48,-7.2,0.83,987.27,8,0.756,145.12,157.52,12.41
ST-HIMADRI,49,-4.83,14.8,963.05,8,0.858,169.87,163.31,-6.56
ST-HIMADRI,50,-12.68,6.39,982.7,8,0.622,163.42,175.74,12.32
ST-HIMADRI,51,-9.65,6.87,987.03,8,0.726,160.32,178.97,18.65
ST-HIMADRI,52,-13.08,6.83,1012.27,8,0.713,164.57,175.38,10.81
ST-HIMADRI,53,-10.06,1.35,990.93,8,0.692,149.91,145.78,-4.13
ST-HIMADRI,54,-10.97,5.32,973.49,8,0.829,159.11,160.95,1.84
ST-HIMADRI,55,-6.04,1.86,961.34,8,0.781,145.86,161.33,15.48
ST-HIMADRI,56,-13.27,12.42,966.28,8,0.811,176.28,183.31,7.02
ST-HIMADRI,57,-10.54,5.97,982.43,8,0.825,159.77,168.37,8.6
ST-HIMADRI,58,-7.66,8.5,967.64,8,0.641,161.09,173.96,12.87
ST-HIMADRI,59,-7.3,13.25,977.44,8,0.768,169.94,169.42,-0.52
ST-HIMADRI,60,-7.55,8.3,981.28,8,0.615,160.44,164.8,4.37
ST-HIMADRI,61,-10.18,4.94,977.67,8,0.8,157.3,162.47,5.17
ST-HIMADRI,62,-5.09,7.06,992.87,8,0.81,154.64,174.77,20.13
ST-HIMADRI,63,-8.64,5.7,976.64,8,0.699,156.77,153.99,-2.78
ST-HIMADRI,64,-4.11,8.24,1004.09,8,0.66,155.59,160.74,5.15
ST-HIMADRI,65,-5.18,1.26,986.15,8,0.664,143.32,138.35,-4.97
ST-HIMADRI,66,-9.43,3.36,978.22,8,0.759,153.15,153.92,0.77
ST-HIMADRI,67,-10.12,4.44,975.67,8,0.671,156.24,163.89,7.65
ST-HIMADRI,68,-4.62,2.34,974.02,8,0.634,144.83,152.05,7.22
ST-HIMADRI,69,-13.04,6.83,1000.38,8,0.776,164.62,173.45,8.83
ST-HIMADRI,70,-4.14,9.09,991.15,8,0.89,157.4,170.21,12.81
ST-HIMADRI,71,-1.97,1.83,971.37,8,0.73,140.36,140.53,0.17
ST-HIMADRI,72,-2.7,7.32,982.78,8,0.876,152.09,169.59,17.5
ST-HIMADRI,73,-11.31,9.62,978.9,8,0.844,168.03,164.51,-3.53
ST-HIMADRI,74,-5.6,7.24,971.36,8,0.901,155.84,163.36,7.53
ST-HIMADRI,75,-9.01,14.01,973.48,8,0.848,173.73,182.48,8.75
ST-HIMADRI,76,-5.99,0.91,981.06,8,0.829,143.73,150.76,7.03
ST-HIMADRI,77,-8.57,2.78,975.49,8,0.828,150.9,160.08,9.19
ST-HIMADRI,78,-7.39,13.86,969.85,8,0.696,171.32,179.85,8.53
ST-HIMADRI,79,-10.01,0,962.04,8,0.769,147.42,159.11,11.69
ST-HIMADRI,80,-10.64,9.71,979.76,8,0.721,167.31,178.44,11.14
ST-HIMADRI,81,-8.93,0,990.79,8,0.862,145.73,145.49,-0.25
ST-HIMADRI,82,-12.96,8.04,984.39,8,0.74,167.03,176.68,9.65
ST-HIMADRI,83,-9.75,10.3,973.86,8,0.656,167.36,164.16,-3.2
ST-HIMADRI,84,-6.66,5.91,985.65,8,0.924,154.49,163.33,8.84
ST-HIMADRI,85,-8.38,6.57,980.86,8,0.613,158.12,166.0,7.88
ST-HIMADRI,86,-15.66,13.67,969.02,8,0.849,181.88,183.74,1.87
ST-HIMADRI,87,-14.92,0.45,987.33,8,0.754,154.57,152.98,-1.59
ST-HIMADRI,88,-5.26,11.58,983.27,8,0.612,163.9,164.72,0.81
ST-HIMADRI,89,-10.91,3.18,980.84,8,0.613,154.74,163.84,9.1
ST-HIMADRI,90,-7.0,6.1,1002.35,8,0.873,155.16,178.92,23.77
ST-HIMADRI,91,-9.42,9.2,967.58,8,0.858,164.8,167.76,2.96
ST-HIMADRI,92,-5.42,6.73,975.14,8,0.92,154.56,172.59,18.03
ST-HIMADRI,93,-12.95,14.39,977.28,8,0.668,179.66,193.48,13.82
ST-HIMADRI,94,-2.28,3.76,979.14,8,0.637,144.51,156.22,11.71
ST-HIMADRI,95,-4.02,7.47,1000.44,8,0.935,153.96,157.5,3.54
ST-HIMADRI,96,-1.81,0.86,963.54,8,0.938,138.27,141.18,2.9
ST-HIMADRI,97,-13.36,3.35,981.44,8,0.761,158.31,149.23,-9.08
ST-HIMADRI,98,-12.21,7.3,985.88,8,0.624,164.57,170.6,6.03
ST-HIMADRI,99,-15.64,0,976.16,8,0.711,154.73,156.79,2.06
ST-HIMADRI,100,-2.46,4.67,1002.63,8,0.687,146.33,152.86,6.53
ST-HIMADRI,101,-2.12,9.3,982.06,8,0.926,155.25,160.12,4.88
ST-HIMADRI,102,-10.83,6.55,987.48,8,0.931,161.25,165.38,4.13
ST-HIMADRI,103,-10.74,0,971.99,8,0.857,148.3,155.01,6.71
ST-HIMADRI,104,-5.29,4.05,982.66,8,0.817,149.03,159.86,10.83
ST-HIMADRI,105,-6.16,7.58,995.79,8,0.832,157.05,159.28,2.23
ST-HIMADRI,106,-12.39,1.54,976.59,8,0.769,153.48,159.27,5.79
ST-HIMADRI,107,-10.67,2.8,1005.48,8,0.904,153.45,159.2,5.75
ST-HIMADRI,108,-18.85,6.67,988.41,8,0.678,172.05,175.39,3.34
ST-HIMADRI,109,-8.55,5.38,984.17,8,0.789,155.96,155.78,-0.17
ST-HIMADRI,110,-11.41,5.94,977.1,8,0.942,160.9,164.58,3.68
ST-HIMADRI,111,-8.88,1.79,979.31,8,0.674,149.32,154.23,4.91
ST-HIMADRI,112,-10.6,4.27,972.93,8,0.792,156.56,159.89,3.33
ST-HIMADRI,113,-7.19,10.5,971.32,8,0.775,164.41,166.94,2.54
ST-HIMADRI,114,-6.08,12.02,963.63,8,0.698,166.02,180.38,14.36
ST-HIMADRI,115,-6.75,7.92,972.32,8,0.635,158.71,162.3,3.59
ST-HIMADRI,116,-8.08,8.91,969.3,8,0.651,162.45,170.53,8.08
ST-HIMADRI,117,-5.57,5.42,982.56,8,0.775,152.11,154.87,2.76
ST-HIMADRI,118,-0.05,5.78,960.95,8,0.875,145.73,151.49,5.75
ST-HIMADRI,119,-9.49,10.89,968.98,8,0.842,168.22,172.33,4.11
ST-HIMADRI,120,-1.14,8.7,963.26,8,0.757,152.93,160.36,7.43
ST-HIMADRI,121,-9.95,9.26,954.16,8,0.69,165.74,166.44,0.7
ST-HIMADRI,122,-6.08,6.25,1000.73,8,0.67,154.27,148.61,-5.66
ST-HIMADRI,123,-13.31,3.34,989.54,8,0.724,158.15,173.47,15.32
ST-HIMADRI,124,-10.38,1.9,977.87,8,0.733,151.54,145.06,-6.48
ST-HIMADRI,125,-9.6,11.51,984.46,8,0.883,169.46,179.14,9.68
ST-HIMADRI,126,-11.34,10.82,958.99,8,0.625,170.62,171.07,0.45
ST-HIMADRI,127,-6.96,8.45,975.94,8,0.694,159.99,170.41,10.41
ST-HIMADRI,128,-10.5,3.49,957.5,8,0.727,155.02,165.11,10.09
ST-HIMADRI,129,-17.5,0.61,973.44,8,0.608,158.41,165.82,7.41
ST-HIMADRI,130,-9.53,0.17,997.35,8,0.628,146.81,148.94,2.13
ST-HIMADRI,131,-7.87,7.62,1002.69,8,0.792,159.32,170.49,11.17
ST-HIMADRI,132,-4.92,6.66,980.47,8,0.692,153.73,157.1,3.37
ST-HIMADRI,133,-5.71,10.83,987.77,8,0.687,162.96,165.39,2.43
ST-HIMADRI,134,-10.27,11.48,995.55,8,0.61,170.2,184.07,13.87
ST-HIMADRI,135,-13.27,0,973.79,8,0.941,151.61,164.79,13.18
ST-HIMADRI,136,-12.35,5.2,950.18,8,0.844,160.89,172.89,12.01
ST-HIMADRI,137,-6.97,10.84,968.41,8,0.797,164.81,164.94,0.13
ST-HIMADRI,138,-15.11,5.16,975.94,8,0.789,164.24,175.74,11.5
ST-HIMADRI,139,-8.1,1.93,973.81,8,0.706,148.62,158.02,9.41
ST-HIMADRI,140,-2.3,6.0,986.36,8,0.764,148.92,150.64,1.72
ST-HIMADRI,141,-0.73,6.47,992.91,8,0.603,147.72,150.9,3.18
ST-HIMADRI,142,-12.88,7.41,980.17,8,0.731,165.72,172.49,6.77
ST-HIMADRI,143,-14.33,8.7,974.35,8,0.858,170.24,179.13,8.89
ST-HIMADRI,144,-13.08,8.49,978.98,8,0.684,168.13,180.22,12.08
ST-HIMADRI,145,-9.39,0,986.45,8,0.7,146.38,143.75,-2.63
ST-HIMADRI,146,-10.62,0,959.92,8,0.664,148.24,160.08,11.84
ST-HIMADRI,147,-11.81,11.52,972.94,8,0.818,172.51,175.77,3.27
ST-HIMADRI,148,-10.22,6.73,994.13,8,0.665,160.75,168.75,8.0
ST-HIMADRI,149,-8.1,7.9,975.8,8,0.681,160.42,156.78,-3.63
ST-HIMADRI,150,-8.03,9.79,974.34,8,0.88,164.07,175.21,11.14
ST-HIMADRI,151,-6.41,13.94,982.77,8,0.895,170.09,171.77,1.68
ST-HIMADRI,152,-9.69,13.59,980.74,8,0.765,173.75,177.69,3.94
ST-HIMADRI,153,-8.38,21.18,989.24,8,0.643,186.96,182.3,-4.66
ST-HIMADRI,154,-10.89,10.99,981.73,8,0.858,170.17,170.43,0.26
ST-HIMADRI,155,-7.0,14.93,981.92,8,0.944,172.84,172.74,-0.1
ST-HIMADRI,156,-17.44,15.03,975.97,8,0.82,186.86,198.26,11.4
ST-HIMADRI,157,-2.51,16.47,970.91,8,0.823,170.05,175.96,5.92
ST-HIMADRI,158,-9.08,21.93,985.51,8,0.64,189.41,191.83,2.42
ST-HIMADRI,159,-14.23,11.37,984.79,8,0.642,175.31,185.1,9.8
ST-HIMADRI,160,-11.85,13.48,1000.27,8,0.766,176.2,185.17,8.97
ST-HIMADRI,161,-15.28,11.81,985.95,8,0.632,177.54,184.98,7.43
ST-HIMADRI,162,-19.03,7.73,996.81,8,0.621,174.32,179.67,5.34
ST-HIMADRI,163,-16.19,9.1,981.6,8,0.681,173.41,176.21,2.8
ST-HIMADRI,164,-5.49,13.19,980.91,8,0.754,167.4,162.72,-4.68
ST-HIMADRI,165,-10.48,19.73,975.94,8,0.915,186.98,196.46,9.48
ST-HIMADRI,166,-17.03,14.4,974.86,8,0.666,185.08,199.72,14.64
ST-HIMADRI,167,-11.46,17.41,978.94,8,0.891,183.65,185.72,2.07
ST-HIMADRI,168,-8.65,11.4,986.32,8,0.703,167.98,175.36,7.38
ST-HIMADRI,169,-13.48,17.81,997.11,8,0.733,186.96,193.06,6.1
ST-HIMADRI,170,-12.99,14.71,992.91,8,0.684,180.21,177.9,-2.31
ST-HIMADRI,171,-14.49,8.24,968.47,8,0.783,169.58,174.45,4.88
ST-HIMADRI,172,-18.63,14.08,971.97,8,0.824,186.58,189.65,3.07
ST-HIMADRI,173,-9.96,17.11,1000.82,8,0.645,180.89,191.16,10.26
ST-HIMADRI,174,-11.95,12.08,974.55,8,0.8,173.79,180.44,6.65
ST-HIMADRI,175,-10.95,8.98,961.59,8,0.69,166.44,170.78,4.34
ST-HIMADRI,176,-17.75,18.06,1004.99,8,0.673,193.03,204.76,11.73
ST-HIMADRI,177,-22.63,14.45,998.9,8,0.621,192.37,203.07,10.7
ST-HIMADRI,178,-23.2,10.63,970.05,8,0.848,185.81,195.35,9.54
ST-HIMADRI,179,-13.11,11.19,984.44,8,0.706,173.47,179.98,6.51
ST-HIMADRI,180,-5.09,10.53,995.81,8,0.786,161.48,173.34,11.86
ST-HIMADRI,181,-12.98,18.54,980.13,8,0.663,187.89,202.01,14.12
ST-HIMADRI,182,-14.95,9.86,993.49,8,0.725,173.18,184.48,11.3
ST-HIMADRI,183,-20.79,15.52,985.37,8,0.663,192.17,195.45,3.28
ST-HIMADRI,184,-18.16,16.1,1003.53,8,0.755,189.71,213.96,24.25
ST-HIMADRI,185,-17.43,16.79,990.62,8,0.73,190.2,195.96,5.77
ST-HIMADRI,186,-15.1,9.77,977.52,8,0.797,173.35,171.62,-1.74
ST-HIMADRI,187,-14.09,20.64,988.22,8,0.937,193.44,198.47,5.03
ST-HIMADRI,188,-19.56,15.3,974.92,8,0.809,190.21,179.72,-10.49
ST-HIMADRI,189,-28.49,12.6,976.75,8,0.678,196.63,207.23,10.59
ST-HIMADRI,190,-15.51,13.34,988.02,8,0.697,180.87,178.49,-2.37
ST-HIMADRI,191,-20.98,12.31,986.22,8,0.613,186.06,189.97,3.9
ST-HIMADRI,192,-17.65,15.72,969.36,8,0.682,188.56,200.24,11.68
ST-HIMADRI,193,-15.78,12.37,958.31,8,0.857,179.56,194.14,14.58
ST-HIMADRI,194,-17.75,7.0,990.45,8,0.841,171.24,187.77,16.53
ST-HIMADRI,195,-24.46,9.98,971.62,8,0.856,186.15,189.98,3.82
ST-HIMADRI,196,-18.28,13.25,999.34,8,0.722,184.25,193.8,9.55
ST-HIMADRI,197,-15.28,10.21,996.34,8,0.679,174.29,171.14,-3.15
ST-HIMADRI,198,-20.22,9.55,1000.75,8,0.734,179.47,186.29,6.82
ST-HIMADRI,199,-17.63,15.09,973.38,8,0.776,187.26,192.69,5.43
ST-HIMADRI,200,-17.14,15.27,978.62,8,0.756,186.91,187.13,0.23
ST-HIMADRI,201,-21.42,11.33,981.73,8,0.738,184.75,195.73,10.98
ST-HIMADRI,202,-16.52,15.23,976.56,8,0.74,186.02,191.29,5.27
ST-HIMADRI,203,-13.7,16.41,980.95,8,0.647,184.61,187.11,2.5
ST-HIMADRI,204,-22.2,12.32,975.43,8,0.816,187.78,191.02,3.24
ST-HIMADRI,205,-18.29,11.0,998.71,8,0.713,179.82,190.31,10.49
ST-HIMADRI,206,-16.61,13.2,974.05,8,0.722,182.17,182.63,0.46
ST-HIMADRI,207,-20.58,18.85,990.11,8,0.946,198.45,206.35,7.9
ST-HIMADRI,208,-27.46,5.89,973.7,8,0.616,182.01,188.68,6.68
ST-HIMADRI,209,-17.42,11.57,965.82,8,0.898,180.07,194.16,14.09
ST-HIMADRI,210,-17.63,14.87,1006.04,8,0.904,186.53,189.12,2.59
ST-HIMADRI,211,-18.49,13.4,977.98,8,0.758,184.99,188.45,3.45
ST-HIMADRI,212,-16.18,14.39,972.13,8,0.783,183.96,189.32,5.36
ST-HIMADRI,213,-19.26,18.59,979.17,8,0.845,196.28,199.62,3.34
ST-HIMADRI,214,-13.87,14.61,978.15,8,0.66,181.3,185.47,4.17
ST-HIMADRI,215,-20.74,20.9,977.08,8,0.829,202.83,208.04,5.21
ST-HIMADRI,216,-15.4,14.21,976.87,8,0.831,182.53,200.71,18.18
ST-HIMADRI,217,-18.96,13.41,991.69,8,0.681,185.52,184.9,-0.62
ST-HIMADRI,218,-27.61,21.47,988.47,8,0.903,212.93,222.91,9.98
ST-HIMADRI,219,-22.22,13.49,966.72,8,0.924,190.21,197.21,6.99
ST-HIMADRI,220,-16.82,14.41,969.37,8,0.738,184.87,189.97,5.1
ST-HIMADRI,221,-17.89,17.08,969.96,8,0.683,191.56,204.11,12.55
ST-HIMADRI,222,-15.36,13.36,986.38,8,0.908,180.71,179.86,-0.85
ST-HIMADRI,223,-14.46,9.33,995.01,8,0.698,171.48,178.78,7.3
ST-HIMADRI,224,-15.3,20.96,977.16,8,0.734,195.76,199.68,3.92
ST-HIMADRI,225,-15.0,12.65,973.92,8,0.684,178.95,181.72,2.76
ST-HIMADRI,226,-14.35,22.7,989.05,8,0.79,197.86,201.33,3.47
ST-HIMADRI,227,-19.96,16.1,959.19,8,0.902,192.46,196.61,4.14
ST-HIMADRI,228,-22.91,19.83,973.6,8,0.948,203.6,210.26,6.66
ST-HIMADRI,229,-18.53,13.66,1004.44,8,0.711,185.34,185.82,0.49
ST-HIMADRI,230,-29.96,10.56,987.72,8,0.908,194.44,204.93,10.49
ST-HIMADRI,231,-21.91,7.26,989.05,8,0.744,177.26,179.13,1.88
ST-HIMADRI,232,-29.75,17.27,1001.97,8,0.696,207.31,204.58,-2.74
ST-HIMADRI,233,-20.77,12.13,988.11,8,0.814,185.41,201.21,15.8
ST-HIMADRI,234,-21.75,19.15,981.04,8,0.841,200.65,211.59,10.93
ST-HIMADRI,235,-25.16,18.72,965.98,8,0.812,204.45,211.94,7.5
ST-HIMADRI,236,-22.28,10.24,988.35,8,0.648,183.66,183.71,0.05
ST-HIMADRI,237,-21.09,14.96,980.19,8,0.694,191.51,196.34,4.83
ST-HIMADRI,238,-27.16,17.42,1000.15,8,0.623,204.22,208.99,4.77
ST-HIMADRI,239,-11.16,8.85,989.35,8,0.714,166.22,167.02,0.81
ST-HIMADRI,240,-24.59,14.79,977.1,8,0.857,195.83,203.5,7.67
ST-HIMADRI,241,-24.29,16.37,964.89,8,0.808,198.65,198.72,0.07
ST-HIMADRI,242,-29.9,12.71,983.35,8,0.758,198.65,197.76,-0.89
ST-HIMADRI,243,-21.36,12.96,994.51,8,0.738,187.77,193.67,5.9
ST-HIMADRI,244,-22.45,8.91,963.15,8,0.617,181.47,186.1,4.63
ST-HIMADRI,245,-23.07,17.9,972.44,8,0.761,200.0,216.8,16.8
ST-HIMADRI,246,-26.98,16.58,993.63,8,0.65,202.37,210.45,8.08
ST-HIMADRI,247,-20.06,10.16,978.99,8,0.873,180.64,184.5,3.87
ST-HIMADRI,248,-16.52,11.65,988.18,8,0.758,178.85,189.69,10.85
ST-HIMADRI,249,-19.98,18.82,978.13,8,0.759,197.69,199.97,2.28
ST-HIMADRI,250,-22.34,12.14,997.87,8,0.851,187.42,188.18,0.76
ST-HIMADRI,251,-20.99,7.38,969.18,8,0.783,176.46,184.56,8.1
ST-HIMADRI,252,-27.73,10.71,950.73,8,0.733,192.11,197.1,4.99
ST-HIMADRI,253,-27.5,10.66,993.2,8,0.831,191.34,193.84,2.5
ST-HIMADRI,254,-17.81,12.53,988.18,8,0.747,182.28,196.95,14.67
ST-HIMADRI,255,-25.09,12.37,964.11,8,0.641,191.79,200.19,8.4
ST-HIMADRI,256,-20.81,7.98,973.42,8,0.761,177.37,180.38,3.01
ST-HIMADRI,257,-19.59,2.05,1004.83,8,0.683,163.75,170.01,6.27
ST-HIMADRI,258,-26.56,3.59,975.88,8,0.81,176.26,184.01,7.76
ST-HIMADRI,259,-22.58,11.03,968.81,8,0.889,185.79,187.4,1.61
ST-HIMADRI,260,-20.62,6.69,978.13,8,0.899,174.51,180.06,5.55
ST-HIMADRI,261,-26.61,0,971.91,8,0.617,169.24,187.61,18.36
ST-HIMADRI,262,-25.01,7.25,972.25,8,0.842,181.48,180.81,-0.67
ST-HIMADRI,263,-28.69,2.05,985.83,8,0.803,175.91,188.26,12.35
ST-HIMADRI,264,-21.28,5.26,976.49,8,0.733,172.59,184.13,11.54
ST-HIMADRI,265,-19.06,7.74,970.51,8,0.647,174.62,178.7,4.08
ST-HIMADRI,266,-24.02,2.99,965.58,8,0.844,171.8,177.18,5.38
ST-HIMADRI,267,-24.41,4.75,977.85,8,0.946,175.7,174.45,-1.25
ST-HIMADRI,268,-29.04,6.63,1012.16,8,0.701,185.22,184.03,-1.19
ST-HIMADRI,269,-25.68,3.8,941.42,8,0.724,175.79,178.71,2.92
ST-HIMADRI,270,-19.46,9.74,963.17,8,0.772,179.17,184.38,5.21
ST-HIMADRI,271,-20.65,10.96,971.4,8,0.601,183.09,172.35,-10.74
ST-HIMADRI,272,-17.45,6.84,997.19,8,0.88,170.48,185.14,14.66
ST-HIMADRI,273,-18.86,5.97,972.27,8,0.823,170.84,184.01,13.17
ST-HIMADRI,274,-20.33,6.19,975.81,8,0.708,173.17,189.5,16.33
ST-HIMADRI,275,-26.53,5.85,998.25,8,0.719,180.5,186.85,6.35
ST-HIMADRI,276,-23.88,0.54,987.33,8,0.716,166.57,173.23,6.66
ST-HIMADRI,277,-26.12,11.09,998.53,8,0.826,190.32,191.46,1.14
ST-HIMADRI,278,-28.56,6.65,991.6,8,0.717,184.82,186.13,1.32
ST-HIMADRI,279,-22.09,1.96,978.94,8,0.705,167.09,161.64,-5.46
ST-HIMADRI,280,-23.5,2.56,972.01,8,0.84,170.2,175.89,5.68
ST-HIMADRI,281,-20.37,0,960.78,8,0.698,161.11,179.62,18.51
ST-HIMADRI,282,-11.67,8.23,963.84,8,0.8,165.89,164.06,-1.83
ST-HIMADRI,283,-27.03,9.44,993.2,8,0.847,188.31,187.42,-0.89
ST-HIMADRI,284,-23.28,6.93,967.94,8,0.683,178.6,188.04,9.44
ST-HIMADRI,285,-32.22,8.92,982.15,8,0.639,194.22,204.8,10.57
ST-HIMADRI,286,-21.31,0,991.12,8,0.609,162.08,164.16,2.08
ST-HIMADRI,287,-27.47,6.51,989.99,8,0.856,183.12,202.46,19.34
ST-HIMADRI,288,-29.6,4.98,995.11,8,0.888,182.84,199.21,16.37
ST-HIMADRI,289,-17.16,3.72,992.95,8,0.761,163.95,177.29,13.34
ST-HIMADRI,290,-23.79,1.26,1007.84,8,0.84,167.71,174.67,6.96
ST-HIMADRI,291,-24.07,5.05,976.39,8,0.782,175.84,182.53,6.69
ST-HIMADRI,292,-24.48,3.09,970.83,8,0.912,172.56,177.09,4.53
ST-HIMADRI,293,-23.69,8.36,978.25,8,0.754,181.89,193.25,11.36
ST-HIMADRI,294,-20.84,7.53,979.69,8,0.818,176.47,184.0,7.53
ST-HIMADRI,295,-25.18,5.76,973.81,8,0.65,178.74,188.64,9.89
ST-HIMADRI,296,-23.34,2.87,980.15,8,0.815,170.54,179.32,8.78
ST-HIMADRI,297,-24.66,9.68,989.26,8,0.836,185.67,197.19,11.52
ST-HIMADRI,298,-21.27,6.82,973.25,8,0.809,175.68,183.81,8.12
ST-HIMADRI,299,-28.61,1.81,974.8,8,0.709,175.44,173.5,-1.94
ST-HIMADRI,300,-19.6,0.24,972.93,8,0.941,160.45,161.04,0.59
ST-HIMADRI,301,-21.97,1.52,994.86,8,0.922,165.94,181.04,15.1
ST-HIMADRI,302,-26.4,6.87,972.44,8,0.763,182.56,180.12,-2.44
ST-HIMADRI,303,-21.68,8.83,990.68,8,0.92,180.05,180.68,0.63
ST-HIMADRI,304,-26.77,9.89,969.25,8,0.909,189.06,186.89,-2.17
ST-HIMADRI,305,-22.82,6.29,968.97,8,0.761,176.71,183.78,7.07
ST-HIMADRI,306,-18.54,12.01,975.04,8,0.636,182.33,186.0,3.67
ST-HIMADRI,307,-18.78,0,972.03,8,0.877,158.91,173.42,14.51
ST-HIMADRI,308,-25.61,5.17,965.7,8,0.792,178.22,188.9,10.68
ST-HIMADRI,309,-17.69,5.36,968.13,8,0.807,168.11,183.8,15.7
ST-HIMADRI,310,-20.58,1.82,983.5,8,0.683,164.79,163.28,-1.51
ST-HIMADRI,311,-22.25,4.63,994.22,8,0.77,172.45,175.41,2.95
ST-HIMADRI,312,-25.06,3.56,959.03,8,0.662,174.36,176.28,1.93
ST-HIMADRI,313,-19.78,5.58,997.07,8,0.87,171.07,184.76,13.7
ST-HIMADRI,314,-24.54,9.22,977.2,8,0.886,184.72,189.34,4.62
ST-HIMADRI,315,-14.5,0.38,979.85,8,0.651,153.93,159.5,5.57
ST-HIMADRI,316,-18.06,9.97,967.86,8,0.668,177.73,188.5,10.77
ST-HIMADRI,317,-22.34,2.83,956.01,8,0.707,169.34,169.61,0.26
ST-HIMADRI,318,-16.78,4.51,990.96,8,0.631,165.04,169.99,4.95
ST-HIMADRI,319,-8.98,6.6,974.83,8,0.703,159.01,166.7,7.69
ST-HIMADRI,320,-24.03,9.7,997.68,8,0.887,184.81,194.72,9.9
ST-HIMADRI,321,-25.53,12.15,985.84,8,0.846,191.76,195.1,3.35
ST-HIMADRI,322,-23.15,8.16,971.28,8,0.791,180.84,191.14,10.3
ST-HIMADRI,323,-22.67,2.13,984.48,8,0.924,168.14,180.63,12.49
ST-HIMADRI,324,-18.95,4.04,997.87,8,0.647,166.91,172.4,5.49
ST-HIMADRI,325,-19.44,6.31,977.52,8,0.753,172.23,171.57,-0.65
ST-HIMADRI,326,-18.3,5.9,972.2,8,0.76,169.94,171.29,1.35
ST-HIMADRI,327,-18.55,0.71,973.25,8,0.778,160.0,168.0,7.99
ST-HIMADRI,328,-23.9,4.59,975.27,8,0.812,174.73,184.23,9.49
ST-HIMADRI,329,-26.48,2.36,981.18,8,0.744,173.66,186.84,13.18
ST-HIMADRI,330,-23.2,4.91,995.41,8,0.847,174.25,179.82,5.57
ST-HIMADRI,331,-15.95,8.99,977.57,8,0.856,172.92,176.51,3.59
ST-HIMADRI,332,-7.89,4.82,982.42,8,0.627,153.98,152.92,-1.06
ST-HIMADRI,333,-17.86,4.9,960.55,8,0.936,167.5,176.28,8.78
ST-HIMADRI,334,-14.07,8.67,983.09,8,0.618,169.76,170.29,0.53
ST-HIMADRI,335,-22.8,11.78,965.89,8,0.764,187.59,195.21,7.62
ST-HIMADRI,336,-19.25,1.84,1000.82,8,0.701,162.92,166.2,3.27
ST-HIMADRI,337,-9.88,7.99,979.93,8,0.797,162.91,159.63,-3.28
ST-HIMADRI,338,-14.39,7.7,981.9,8,0.947,168.28,177.12,8.84
ST-HIMADRI,339,-16.44,0.78,978.86,8,0.777,157.3,166.01,8.71
ST-HIMADRI,340,-16.42,3.41,986.56,8,0.9,162.4,172.91,10.51
ST-HIMADRI,341,-16.27,6.17,987.33,8,0.653,167.69,180.5,12.81
ST-HIMADRI,342,-24.95,8.39,978.68,8,0.77,183.6,199.14,15.55
ST-HIMADRI,343,-15.53,0,977.22,8,0.651,154.57,162.32,7.76
ST-HIMADRI,344,-15.71,5.07,941.88,8,0.87,165.15,172.38,7.23
ST-HIMADRI,345,-17.37,10.3,974.64,8,0.857,177.41,180.96,3.54
ST-HIMADRI,346,-20.8,10.74,980.21,8,0.659,182.77,185.48,2.72
ST-HIMADRI,347,-20.16,8.01,979.52,8,0.786,176.53,172.84,-3.69
ST-HIMADRI,348,-21.86,10.29,973.36,8,0.905,183.33,190.79,7.46
ST-HIMADRI,349,-8.04,6.68,962.85,8,0.937,158.04,167.98,9.94
ST-HIMADRI,350,-17.52,4.94,994.86,8,0.935,166.83,169.68,2.85
ST-HIMADRI,351,-25.05,9.72,986.82,8,0.693,186.29,187.95,1.66
ST-HIMADRI,352,-12.02,9.38,963.98,8,0.862,168.62,181.86,13.24
ST-HIMADRI,353,-17.17,0.69,983.69,8,0.842,158.05,169.78,11.73
ST-HIMADRI,354,-14.36,10.56,969.44,8,0.604,174.0,169.4,-4.6
ST-HIMADRI,355,-14.84,7.08,972.04,8,0.699,167.72,175.02,7.3
ST-HIMADRI,356,-15.93,6.82,1003.74,8,0.83,168.37,182.66,14.29
ST-HIMADRI,357,-11.08,0,967.82,8,0.642,148.78,147.21,-1.57
ST-HIMADRI,358,-14.65,4.34,965.72,8,0.798,162.11,157.8,-4.32
ST-HIMADRI,359,-7.49,4.26,976.93,8,0.763,152.39,154.29,1.9
ST-HIMADRI,360,-10.43,3.77,988.54,8,0.749,155.21,159.11,3.89
ST-HIMADRI,361,-9.92,2.09,976.83,8,0.626,151.3,160.03,8.72
ST-HIMADRI,362,-14.75,2.13,977.9,8,0.934,157.74,166.65,8.91
ST-HIMADRI,363,-15.67,10.29,952.47,8,0.814,175.35,182.54,7.18
ST-HIMADRI,364,-13.11,10.19,992.7,8,0.676,171.43,185.28,13.85
